"danceability","energy","loudness","mode","key","speechiness","acousticness","instrumentalness","liveness","valence","tempo","time_signature","duration_ms","virality"
0.629,0.547,-13.123,"0","10",0.055,0.72,0.00314,0.0604,0.197,108.375,"4",298933,"Yes"
0.52,0.731,-5.338,"0","6",0.0557,0.342,0.00101,0.311,0.662,173.93,"4",167303,"No"
0.768,0.716,-5.11,"1","10",0.0404,0.35,0,0.15,0.841,131.43,"4",163026,"Yes"
0.761,0.525,-6.9,"1","11",0.0944,0.44,6.7e-06,0.0921,0.531,80.87,"4",238805,"No"
0.836,0.743,-6.305,"0","10",0.0656,0.0995,0,0.335,0.722,108.966,"4",191822,"Yes"
0.44,0.317,-9.258,"1","8",0.0531,0.891,4.78e-06,0.141,0.268,169.914,"3",233456,"Yes"
0.686,0.494,-7.093,"1","1",0.0355,0.613,5.8e-05,0.402,0.7,168.946,"4",232067,"No"
0.591,0.764,-5.484,"1","1",0.0483,0.0383,0,0.103,0.478,169.928,"4",141806,"No"
0.728,0.783,-4.424,"0","11",0.266,0.237,0,0.434,0.555,77.011,"4",173381,"No"
0.905,0.563,-6.135,"1","8",0.102,0.0254,9.71e-06,0.113,0.324,106.998,"4",173948,"No"
0.578,0.912,-3.929,"1","1",0.114,0.0166,0.00362,0.273,0.68,127.87,"4",177525,"No"
0.723,0.772,-6.784,"1","1",0.0792,0.00524,1.15e-05,0.367,0.58,102.004,"4",146471,"No"
0.695,0.54,-5.692,"1","4",0.0493,0.299,0,0.367,0.415,121.932,"4",168602,"Yes"
0.767,0.758,-3.191,"0","11",0.084,0.0368,0,0.0682,0.844,111.986,"4",160982,"No"
0.41,0.611,-8.271,"0","4",0.0467,0.0228,0,0.116,0.0899,185.727,"3",184448,"No"
0.812,0.736,-5.421,"0","4",0.0833,0.152,0.00254,0.0914,0.396,91.993,"4",193806,"Yes"
0.802,0.509,-6.889,"0","10",0.181,0.0283,0,0.307,0.0567,87.849,"4",135000,"No"
0.563,0.639,-8.205,"1","0",0.0684,0.107,1.06e-05,0.446,0.518,169.985,"4",179551,"No"
0.73,0.907,-3.72,"1","2",0.0606,0.0921,0.114,0.23,0.249,120.968,"4",111074,"No"
0.619,0.707,-8.033,"1","1",0.099,0.00601,0,0.0946,0.365,85.285,"5",166805,"No"
0.506,0.817,-5.051,"0","11",0.0335,0.00272,0,0.0486,0.506,109.952,"4",208707,"No"
0.812,0.653,-5.849,"0","5",0.0361,0.0059,0,0.105,0.864,124.034,"4",135484,"No"
0.376,0.657,-4.658,"1","7",0.0768,0.0858,0,0.0884,0.203,80.565,"4",164782,"No"
0.736,0.704,-7.409,"0","3",0.0615,0.0203,0,0.0501,0.894,149.995,"4",212000,"Yes"
0.539,0.508,-6.05,"1","10",0.0288,0.727,0,0.174,0.227,101.358,"3",177720,"No"
0.541,0.527,-7.438,"0","11",0.147,0.00279,0.000509,0.286,0.429,176.123,"4",166504,"Yes"
0.669,0.773,-5.619,"1","0",0.153,0.038,0,0.113,0.377,93.923,"4",185857,"No"
0.745,0.65,-11.814,"1","2",0.346,0.0451,0.00758,0.111,0.386,144.047,"4",152137,"Yes"
0.744,0.848,-5.073,"0","9",0.0993,0.0811,1.12e-05,0.0889,0.823,150.056,"4",178913,"No"
0.827,0.456,-9.246,"1","5",0.0942,0.622,9.79e-05,0.109,0.689,114.269,"4",135978,"No"
0.691,0.823,-4.974,"1","7",0.0626,0.0235,0,0.0781,0.149,125.973,"4",134330,"Yes"
0.756,0.697,-6.377,"1","8",0.0401,0.182,0,0.333,0.956,94.996,"4",206071,"No"
0.782,0.586,-6.067,"0","10",0.0567,0.0608,0.00409,0.115,0.724,120.018,"4",156000,"No"
0.797,0.666,-6.588,"0","0",0.0363,0.167,0.000131,0.104,0.855,119.021,"4",177080,"No"
0.445,0.537,-8.532,"0","4",0.04,0.695,1.65e-05,0.0944,0.131,122.769,"4",244360,"No"
0.706,0.633,-9.584,"1","1",0.0419,0.267,0.0192,0.175,0.375,110.005,"4",120157,"No"
0.621,0.847,-6.108,"1","3",0.278,0.0584,1.11e-06,0.109,0.373,101.996,"4",172431,"No"
0.308,0.861,-4.112,"0","11",0.172,0.012,0.00103,0.277,0.0386,171.966,"4",158774,"No"
0.773,0.47,-7.93,"1","2",0.0299,0.0153,0.000193,0.0851,0.399,94.995,"4",162680,"No"
0.783,0.753,-5.003,"1","11",0.325,0.0117,0,0.139,0.663,124.036,"4",145161,"No"
0.645,0.681,-5.961,"1","4",0.139,0.037,0,0.0783,0.458,163.87,"4",142644,"No"
0.738,0.685,-8.113,"0","10",0.409,0.135,0,0.4,0.663,162.039,"4",204000,"No"
0.643,0.745,-5.554,"0","5",0.0619,0.0449,0,0.0916,0.461,124.968,"4",182613,"No"
0.69,0.626,-5.693,"1","6",0.306,0.105,0.000335,0.0881,0.912,184.009,"4",185681,"No"
0.772,0.754,-4.57,"0","9",0.05,0.348,0.397,0.0784,0.88,112.043,"4",149787,"No"
0.792,0.895,-3.112,"0","1",0.0589,0.165,0,0.0501,0.794,94.968,"4",201526,"Yes"
0.776,0.656,-8.921,"0","4",0.13,0.329,0,0.119,0.649,148.95,"4",183465,"No"
0.727,0.739,-3.805,"1","8",0.0411,0.365,0.00137,0.161,0.533,93.005,"4",145800,"Yes"
0.808,0.897,-3.712,"0","11",0.0348,0.0469,3.14e-05,0.364,0.591,126.026,"4",231041,"Yes"
0.557,0.802,-4.429,"1","0",0.0541,0.00924,0.000708,0.569,0.778,169.893,"4",191080,"No"
0.729,0.763,-7.677,"1","6",0.0345,0.668,0.0264,0.147,0.113,125.989,"4",137029,"No"
0.808,0.592,-6.382,"1","2",0.415,0.431,0,0.426,0.628,139.925,"4",185376,"No"
0.714,0.728,-4.595,"1","10",0.0468,0.298,0,0.106,0.901,114.996,"4",177955,"No"
0.796,0.66,-6.695,"0","4",0.0505,0.0531,2.73e-05,0.319,0.735,109.92,"4",158312,"No"
0.712,0.829,-8.167,"0","0",0.03,0.0891,0.0279,0.168,0.541,121.976,"4",155410,"No"
0.688,0.595,-8.094,"0","8",0.0508,0.0515,2.7e-06,0.0853,0.312,117.979,"4",202507,"No"
0.843,0.7,-3.563,"0","4",0.0803,0.0934,0,0.14,0.899,93.991,"4",226088,"No"
0.579,0.727,-5.149,"0","11",0.0399,0.0321,0,0.714,0.246,124.09,"4",183091,"No"
0.732,0.511,-5.101,"1","11",0.0413,0.15,8.92e-06,0.059,0.691,171.907,"4",161423,"No"
0.61,0.508,-6.682,"0","8",0.152,0.297,0,0.384,0.758,178.818,"4",137876,"No"
0.646,0.765,-7.586,"0","6",0.0448,0.0437,0.000141,0.159,0.362,126.024,"4",146667,"No"
0.855,0.463,-7.454,"1","3",0.0367,0.217,1.77e-05,0.347,0.866,102.931,"4",122773,"No"
0.87,0.523,-8.052,"0","1",0.0602,0.433,2.07e-05,0.113,0.319,110.02,"4",204764,"Yes"
0.642,0.61,-9.194,"0","2",0.0992,0.16,6.89e-06,0.408,0.294,129.886,"3",168000,"No"
0.737,0.846,-4.51,"0","1",0.22,0.00614,0,0.0486,0.546,87.981,"4",143901,"No"
0.871,0.819,-6.022,"0","4",0.256,0.142,0,0.106,0.712,112.114,"4",198982,"No"
0.795,0.8,-6.32,"1","1",0.0309,0.0354,7.25e-05,0.0915,0.934,116.032,"4",202735,"No"
0.864,0.412,-5.886,"1","1",0.273,0.458,0.00087,0.124,0.654,99.992,"4",97209,"Yes"
0.912,0.594,-4.894,"0","10",0.226,0.0319,0.00122,0.123,0.514,123.07,"4",234093,"No"
0.796,0.731,-7.725,"0","7",0.0669,0.529,0.239,0.143,0.498,120.067,"4",174000,"No"
0.681,0.865,-4.542,"0","11",0.198,0.282,0.000169,0.33,0.494,123.056,"4",148293,"No"
0.7,0.49,-5.187,"1","0",0.076,0.186,0,0.117,0.569,79.982,"4",161803,"Yes"
0.708,0.782,-4.687,"1","2",0.0674,0.00772,0,0.107,0.484,119.997,"4",160880,"Yes"
0.698,0.78,-6.251,"1","6",0.0626,0.157,0.0325,0.309,0.203,122.076,"4",177956,"No"
0.725,0.446,-8.958,"0","4",0.0287,0.85,0.243,0.107,0.311,90.024,"4",187333,"Yes"
0.748,0.894,-4.677,"1","7",0.0998,0.311,2.9e-05,0.239,0.503,120.004,"4",148000,"No"
0.815,0.848,-4.704,"0","4",0.115,0.023,0.000162,0.0265,0.684,106.032,"4",133707,"No"
0.535,0.388,-9.805,"0","7",0.155,0.507,0,0.11,0.412,106.703,"5",174000,"Yes"
0.592,0.719,-5.044,"1","2",0.0452,0.00858,0,0.635,0.169,125.03,"4",171028,"No"
0.745,0.862,-4.18,"1","8",0.116,0.335,0.000623,0.102,0.738,123.979,"4",138453,"No"
0.807,0.898,-5.837,"0","6",0.0393,0.188,0.000395,0.0824,0.743,112.998,"4",227101,"Yes"
0.773,0.74,-5.052,"0","5",0.0315,0.00779,2.48e-05,0.15,0.659,125.981,"4",160026,"No"
0.824,0.764,-4.175,"0","5",0.0854,0.0888,0.00294,0.117,0.881,107.998,"4",172627,"Yes"
0.586,0.616,-7.964,"1","5",0.0324,0.182,0,0.0927,0.719,148.088,"4",242096,"Yes"
0.646,0.471,-9.247,"1","10",0.157,0.122,0,0.125,0.455,170.084,"4",232813,"No"
0.69,0.741,-7.405,"1","7",0.0363,0.0433,0.00429,0.0975,0.0774,125.985,"4",146190,"No"
0.736,0.751,-5.588,"1","8",0.034,0.0381,0,0.105,0.839,150.064,"4",209722,"Yes"
0.771,0.932,-3.727,"0","7",0.0424,0.311,0.000158,0.116,0.139,120.012,"4",155000,"No"
0.645,0.868,-6.861,"0","8",0.0828,0.0661,0.00471,0.241,0.51,120.009,"4",197000,"No"
0.762,0.701,-3.541,"1","8",0.0286,0.235,0.000158,0.123,0.742,110.968,"4",208867,"Yes"
0.714,0.8,-4.808,"0","11",0.0504,0.127,0,0.359,0.589,134.002,"4",211560,"Yes"
0.656,0.778,-6.838,"1","8",0.265,0.4,0,0.533,0.736,125.916,"4",129717,"No"
0.563,0.664,-5.044,"1","9",0.154,0.335,0,0.0849,0.688,166.928,"4",178147,"No"
0.724,0.692,-4.997,"1","5",0.109,0.074,0,0.0937,0.419,134.088,"4",152126,"No"
0.691,0.829,-7.179,"1","0",0.0412,0.0289,0,0.254,0.866,93.059,"4",169154,"No"
0.701,0.836,-6.521,"1","9",0.275,0.0304,0.000143,0.635,0.373,124.953,"4",157320,"No"
0.498,0.59,-4.721,"0","1",0.032,0.511,0,0.107,0.0784,145.867,"4",217867,"No"
0.764,0.793,-6.506,"0","5",0.0709,0.0132,0.00098,0.319,0.127,124.084,"4",129677,"No"
0.778,0.695,-6.865,"0","4",0.0913,0.175,0,0.15,0.472,149.996,"4",132780,"Yes"
0.615,0.829,-4.567,"1","6",0.0421,0.0555,0.00156,0.426,0.0754,124.013,"4",203226,"No"
0.659,0.721,-6.877,"1","7",0.264,0.501,0,0.109,0.454,124.791,"4",144935,"No"
0.918,0.434,-9.541,"1","9",0.173,0.569,3.14e-06,0.123,0.75,109.997,"4",188735,"Yes"
0.806,0.845,-4.753,"1","11",0.19,0.0825,0,0.26,0.508,125.998,"4",128095,"No"
0.677,0.71,-7.108,"1","8",0.0552,0.532,0,0.337,0.325,126.109,"4",129410,"No"
0.746,0.866,-3.113,"0","9",0.148,0.124,1.26e-05,0.596,0.519,128.054,"4",138750,"No"
0.61,0.902,-4.351,"0","11",0.0764,0.133,0.000333,0.119,0.478,186.049,"3",154839,"No"
0.717,0.671,-5.077,"0","0",0.0337,0.0018,2.54e-06,0.0921,0.699,110.054,"4",160657,"No"
0.754,0.763,-4.627,"0","7",0.0435,0.0301,2.23e-05,0.0901,0.464,117.953,"4",164819,"No"
0.664,0.609,-6.509,"1","1",0.0707,0.304,0,0.0926,0.194,130.041,"4",210560,"No"
0.687,0.679,-9.426,"0","1",0.0432,0.109,0.000986,0.104,0.614,123.976,"4",144677,"No"
0.831,0.554,-9.998,"0","1",0.218,0.161,6.12e-05,0.152,0.396,140.026,"4",168228,"Yes"
0.345,0.941,-9.918,"1","9",0.0466,3.84e-05,0.633,0.0511,0.407,179.626,"4",147062,"No"
0.75,0.838,-5.132,"1","9",0.124,0.194,7.99e-06,0.313,0.397,123.89,"4",144245,"No"
0.514,0.73,-5.934,"1","1",0.0598,0.00146,9.54e-05,0.0897,0.334,171.005,"4",200040,"Yes"
0.95,0.693,-3.424,"1","9",0.0898,0.0133,0,0.173,0.891,130.02,"4",184635,"No"
0.696,0.899,-5.812,"0","6",0.144,0.131,0.00141,0.114,0.517,123.901,"4",159927,"No"
0.552,0.831,-7.228,"0","6",0.194,0.0905,2.6e-05,0.44,0.733,127.851,"4",199687,"No"
0.669,0.687,-4.753,"1","0",0.043,0.152,1.6e-05,0.308,0.386,123.903,"4",145161,"No"
0.713,0.676,-5.483,"1","10",0.027,0.0377,0,0.154,0.721,99.048,"4",227395,"No"
0.789,0.536,-6.862,"1","6",0.242,0.41,0,0.129,0.437,81.039,"4",165926,"No"
0.823,0.771,-6.055,"0","9",0.0365,0.627,0.00101,0.271,0.658,122.015,"4",156885,"No"
0.679,0.869,-4.701,"0","5",0.138,0.00969,1.32e-05,0.278,0.41,125.09,"4",170040,"No"
0.855,0.488,-4.601,"1","3",0.208,0.506,0,0.347,0.619,124.097,"4",174253,"No"
0.722,0.893,-3.255,"0","0",0.0475,0.0441,0.000937,0.0673,0.439,119.932,"4",116750,"No"
0.799,0.543,-6.094,"0","10",0.24,0.0512,0.0425,0.134,0.25,187.906,"4",85742,"No"
0.78,0.718,-3.605,"0","3",0.0506,0.31,0.000163,0.0932,0.342,127.949,"4",199604,"Yes"
0.826,0.738,-4.658,"0","10",0.0444,0.00355,0.939,0.0633,0.781,93.005,"4",188421,"No"
0.677,0.696,-6.181,"1","0",0.119,0.321,0,0.42,0.464,90.03,"4",198082,"No"
0.736,0.802,-4.759,"1","0",0.0864,0.468,0,0.094,0.675,144.005,"4",172325,"No"
0.715,0.72,-3.906,"1","9",0.193,0.134,0,0.366,0.41,128.048,"4",138779,"No"
0.609,0.777,-5.879,"1","6",0.0353,0.00162,1.28e-06,0.073,0.349,126.001,"4",154286,"No"
0.58,0.696,-10.91,"1","7",0.0408,0.66,0.852,0.145,0.721,93.688,"4",111787,"No"
0.714,0.594,-10.63,"1","0",0.43,0.965,0.255,0.129,0.45,169.837,"4",158436,"No"
0.702,0.825,-3.787,"0","6",0.0601,0.00883,0,0.0674,0.915,102.977,"4",203064,"No"
0.845,0.669,-7.886,"1","8",0.0658,0.181,0.00347,0.0897,0.86,125.014,"4",151680,"No"
0.939,0.682,-5.931,"1","11",0.306,0.00152,0,0.0552,0.584,130.022,"4",154806,"Yes"
0.612,0.807,-2.81,"1","10",0.0336,0.0495,0.0177,0.101,0.398,124.053,"4",240400,"No"
0.595,0.812,-5.623,"1","9",0.0481,0.00321,1.38e-06,0.397,0.483,104.98,"4",124571,"No"
0.707,0.867,-4.355,"0","6",0.05,0.00453,0.00135,0.123,0.485,122.014,"4",158247,"No"
0.907,0.393,-7.636,"0","4",0.0539,0.451,1.35e-06,0.135,0.202,104.949,"4",205458,"No"
0.755,0.835,-6.727,"1","9",0.0537,0.0202,0.000999,0.145,0.471,125.005,"4",143040,"No"
0.828,0.621,-6.414,"1","8",0.0565,0.0164,0.00233,0.0845,0.436,128.986,"4",186173,"No"
0.719,0.648,-7.6,"0","3",0.125,0.2,0,0.127,0.66,140.201,"4",123263,"No"
0.611,0.797,-7.627,"0","6",0.0533,0.00543,0.00137,0.26,0.518,120.041,"4",218107,"No"
0.741,0.475,-7.665,"1","2",0.205,0.0214,0,0.351,0.597,166.016,"4",158160,"No"
0.601,0.703,-6.24,"1","7",0.0379,0.175,8.4e-05,0.571,0.673,106.164,"4",196213,"No"
0.824,0.862,-3.424,"1","2",0.126,0.0076,0.000132,0.303,0.801,122.98,"4",169153,"No"
0.783,0.727,-3.454,"0","6",0.389,0.185,2.46e-05,0.0626,0.558,180.067,"4",199112,"No"
0.7,0.722,-3.558,"0","7",0.0369,0.221,0,0.272,0.756,90.989,"4",140526,"Yes"
0.861,0.631,-10.286,"1","8",0.23,0.0188,0.000283,0.0954,0.675,117.993,"4",180923,"No"
0.585,0.436,-8.761,"1","10",0.0601,0.721,1.31e-05,0.105,0.132,143.874,"4",242014,"Yes"
0.799,0.66,-6.153,"0","1",0.079,0.256,0,0.111,0.471,140.04,"4",195429,"No"
0.547,0.865,-5.058,"0","7",0.0483,0.0141,0,0.245,0.638,159.87,"4",166354,"No"
0.868,0.795,-6.044,"1","11",0.269,0.0012,0.0193,0.0461,0.819,166,"4",156945,"Yes"
0.592,0.214,-13.468,"1","1",0.115,0.936,1.62e-05,0.253,0.422,81.672,"4",117037,"No"
0.714,0.666,-6.012,"1","6",0.0756,0.223,0,0.102,0.486,95.065,"4",178261,"No"
0.84,0.766,-4.12,"1","4",0.136,0.00302,3.61e-06,0.0684,0.402,94.018,"4",155884,"Yes"
0.72,0.744,-6.938,"0","1",0.12,0.237,0,0.255,0.619,78.953,"4",243773,"No"
0.75,0.879,-4.88,"0","4",0.0427,0.0233,0,0.193,0.333,124.038,"4",181308,"No"
0.798,0.62,-7.079,"0","8",0.232,0.414,0.0192,0.112,0.235,120.031,"4",164000,"No"
0.653,0.524,-9.016,"0","11",0.0502,0.112,0,0.203,0.553,83.97,"4",160191,"Yes"
0.539,0.615,-8.746,"0","1",0.252,0.173,0.0056,0.144,0.493,163.924,"4",214693,"No"
0.789,0.742,-5.664,"0","10",0.0652,0.0681,0,0.166,0.661,116.965,"4",167990,"No"
0.68,0.778,-6.294,"1","6",0.0433,0.0705,0,0.31,0.511,124.981,"4",172714,"No"
0.599,0.692,-4.43,"0","1",0.0739,0.124,0,0.375,0.307,121.796,"4",144349,"No"
0.436,0.655,-8.37,"0","1",0.0583,0.499,8.1e-06,0.688,0.412,121.002,"4",279204,"No"
0.709,0.548,-8.493,"1","10",0.353,0.65,1.59e-06,0.133,0.543,83.995,"4",160000,"Yes"
0.739,0.734,-6.062,"1","6",0.259,0.0242,0,0.0921,0.471,101.995,"4",174858,"No"
0.935,0.454,-7.509,"1","1",0.375,0.0194,0,0.0824,0.357,133.073,"4",187541,"Yes"
0.767,0.481,-8.52,"0","0",0.0803,0.234,0,0.269,0.761,150.076,"4",171375,"No"
0.766,0.64,-8.899,"1","0",0.0345,0.051,0,0.237,0.67,100.044,"4",165600,"No"
0.81,0.511,-6.924,"0","5",0.164,0.12,0,0.0832,0.837,151.947,"4",154998,"No"
0.662,0.413,-7.357,"1","0",0.0299,0.213,0,0.134,0.467,93.005,"4",161385,"Yes"
0.676,0.842,-5.98,"1","8",0.239,0.0578,0.00137,0.209,0.388,140.142,"4",134857,"No"
0.746,0.69,-7.956,"1","11",0.164,0.247,0,0.101,0.497,89.977,"4",181733,"No"
0.83,0.585,-6.476,"1","0",0.094,0.237,0,0.248,0.485,109.978,"4",173711,"No"
0.613,0.624,-6.66,"0","11",0.206,0.496,0,0.283,0.803,62.948,"5",167917,"No"
0.399,0.492,-10.777,"0","6",0.0538,0.058,0.00101,0.11,0.159,91.066,"4",210463,"Yes"
0.48,0.602,-6.335,"0","10",0.368,0.487,0,0.0848,0.269,179.798,"4",213333,"No"
0.889,0.34,-7.773,"0","11",0.0697,0.218,0.13,0.055,0.716,94.009,"4",174321,"Yes"
0.474,0.722,-6.209,"1","2",0.0355,0.0604,0,0.584,0.274,155.941,"4",149231,"No"
0.732,0.919,-4.634,"0","6",0.115,0.0271,0.000866,0.375,0.136,125.997,"4",190879,"No"
0.823,0.586,-6.606,"0","6",0.2,0.114,0,0.193,0.347,125.971,"4",190476,"No"
0.819,0.642,-7.037,"1","5",0.189,0.336,0,0.0735,0.452,138.026,"4",129241,"Yes"
0.776,0.509,-6.266,"0","0",0.467,0.192,1.49e-06,0.115,0.485,94.634,"4",129371,"Yes"
0.712,0.816,-6.56,"0","5",0.0447,0.152,0.0519,0.24,0.449,125.976,"4",128095,"No"
0.625,0.698,-5.804,"1","0",0.146,0.0107,0,0.156,0.204,120.119,"4",132625,"No"
0.68,0.729,-5.077,"1","5",0.0475,0.612,0,0.224,0.446,123.97,"4",179867,"Yes"
0.688,0.716,-5.702,"1","7",0.0385,0.0969,0,0.0989,0.373,116.912,"3",284480,"No"
0.574,0.852,-9.051,"1","5",0.0438,0.032,0.0705,0.136,0.0363,123.005,"4",165854,"No"
0.764,0.705,-5.279,"0","3",0.0278,0.0371,1.94e-05,0.0943,0.672,101.003,"4",196520,"No"
0.824,0.854,-5.312,"1","8",0.177,0.016,4.95e-05,0.117,0.896,95.114,"4",210329,"Yes"
0.863,0.325,-7.864,"1","0",0.341,0.667,1.71e-05,0.1,0.537,98.948,"4",126314,"No"
0.853,0.637,-5.924,"0","3",0.331,0.129,0,0.267,0.496,86.048,"4",156195,"No"
0.734,0.789,-5.328,"1","11",0.243,0.0809,0.000115,0.215,0.258,125.992,"4",133810,"No"
0.728,0.431,-9.966,"0","6",0.0622,0.749,0,0.0996,0.629,130.022,"4",147800,"Yes"
0.798,0.824,-5.642,"0","0",0.413,0.206,0.000308,0.436,0.242,125,"4",134400,"No"
0.924,0.386,-8.183,"1","9",0.0548,0.755,0.00253,0.118,0.424,108.957,"4",179125,"Yes"
0.961,0.461,-8.684,"1","9",0.27,0.202,0.00402,0.162,0.324,108.028,"4",207640,"No"
0.639,0.704,-7.332,"1","10",0.0352,0.0646,0,0.445,0.285,115.052,"4",180522,"No"
0.716,0.537,-7.648,"0","0",0.0514,0.233,0,0.157,0.28,129.979,"4",165978,"No"
0.805,0.871,-5.716,"1","6",0.286,0.177,7.5e-06,0.266,0.443,136.01,"4",171696,"No"
0.588,0.685,-8.08,"1","8",0.0624,0.374,0.000155,0.581,0.122,107.938,"4",146669,"No"
0.715,0.706,-5.804,"0","4",0.383,0.326,0.000231,0.525,0.348,126.069,"4",137431,"No"
0.721,0.778,-6.53,"0","8",0.0459,0.00262,7.29e-05,0.111,0.449,122.023,"4",141636,"No"
0.826,0.615,-4.729,"0","1",0.137,0.435,0.00631,0.334,0.841,102.999,"4",175884,"No"
0.707,0.955,-4.593,"0","10",0.222,0.127,0,0.202,0.575,125.989,"4",134240,"No"
0.792,0.832,-4.406,"0","11",0.0397,0.367,0.00164,0.198,0.186,127.983,"4",146465,"No"
0.954,0.696,-7.117,"0","10",0.204,0.00576,0.000498,0.0754,0.432,100.036,"4",139413,"Yes"
0.753,0.75,-4.314,"1","11",0.0817,0.00421,3.47e-05,0.0775,0.266,124.998,"4",167040,"No"
0.706,0.895,-3.879,"0","8",0.148,0.299,0,0.48,0.556,120.978,"4",163884,"No"
0.843,0.741,-5.609,"1","11",0.334,0.0252,0,0.096,0.68,168.983,"4",155497,"Yes"
0.774,0.554,-7.909,"1","0",0.0383,0.207,0,0.132,0.349,99.034,"4",162547,"No"
0.73,0.729,-3.434,"0","4",0.0884,0.167,1.39e-06,0.349,0.467,113.011,"4",221820,"Yes"
0.67,0.544,-5.506,"1","4",0.0252,0.0429,0,0.0926,0.772,96.039,"3",200840,"No"
0.653,0.945,-2.634,"1","5",0.096,0.00561,0.915,0.439,0.325,126.093,"4",198095,"No"
0.896,0.586,-6.687,"0","10",0.0559,0.104,0,0.79,0.642,116.971,"4",196653,"Yes"
0.641,0.597,-7.06,"1","9",0.033,0.000399,0,0.367,0.394,120.06,"4",186000,"No"
0.863,0.631,-4.689,"1","7",0.0534,0.305,3.04e-05,0.123,0.817,128.977,"4",223480,"Yes"
0.83,0.49,-8.82,"0","1",0.209,0.289,3.04e-06,0.113,0.845,81.604,"4",247059,"Yes"
0.794,0.793,-4.521,"0","11",0.0842,0.0125,0,0.0952,0.677,123.941,"4",183290,"Yes"
0.63,0.633,-7.088,"1","4",0.0457,0.00776,0,0.0541,0.452,93.995,"4",172762,"No"
0.806,0.546,-6.637,"1","9",0.0575,0.3,0,0.102,0.874,147.986,"4",212867,"No"
0.581,0.718,-5.631,"1","1",0.0851,0.0195,0,0.075,0.149,92.992,"4",184516,"No"
0.642,0.725,-7.89,"1","11",0.0571,0.192,0,0.153,0.134,105.101,"4",196583,"No"
0.769,0.518,-6.563,"1","8",0.102,0.000573,0.108,0.342,0.504,121.116,"4",247976,"No"
0.676,0.609,-5.831,"0","2",0.481,0.0706,0,0.152,0.508,142.037,"4",237735,"No"
0.923,0.604,-6.671,"0","11",0.245,0.017,0,0.272,0.826,145.062,"4",139741,"No"
0.712,0.803,-7.206,"1","7",0.0276,0.00537,9.81e-05,0.307,0.308,120.018,"4",201005,"No"
0.878,0.525,-6.832,"1","5",0.0578,0.183,0,0.0714,0.694,112.022,"4",158571,"No"
0.726,0.815,-5.092,"0","4",0.101,0.206,0,0.631,0.627,121.975,"4",147367,"No"
0.787,0.673,-4.583,"0","11",0.159,0.264,3.35e-06,0.0904,0.779,110.962,"4",237893,"Yes"
0.667,0.719,-5.371,"0","7",0.0346,0.00285,8.1e-05,0.0736,0.717,100.021,"4",237520,"No"
0.785,0.431,-8.756,"0","10",0.0364,0.123,0,0.0887,0.236,127.085,"4",159382,"Yes"
0.769,0.796,-7.37,"1","8",0.0564,0.0279,1.97e-06,0.0871,0.681,122.039,"4",130286,"No"
0.726,0.431,-8.765,"0","8",0.135,0.731,0,0.696,0.348,144.026,"4",173333,"Yes"
0.719,0.611,-5.01,"0","7",0.0403,0.0582,0,0.155,0.489,129.962,"4",212354,"No"
0.829,0.792,-3.755,"0","2",0.0668,0.726,5.83e-06,0.122,0.758,118.05,"4",215507,"No"
0.769,0.787,-3.909,"1","11",0.367,0.189,0,0.129,0.836,126.77,"4",159715,"No"
0.802,0.591,-4.895,"1","8",0.225,0.0104,0,0.196,0.309,139.864,"4",157712,"Yes"
0.513,0.796,-4.075,"1","1",0.0629,0.00147,0.000209,0.0938,0.345,171.017,"4",201573,"Yes"
0.544,0.748,-5.556,"1","5",0.0865,0.0646,0,0.519,0.391,123.752,"4",148999,"No"
0.907,0.332,-9.828,"1","1",0.0836,0.326,0.0168,0.109,0.277,99.998,"4",106031,"Yes"
0.621,0.601,-5.616,"0","6",0.148,0.0522,0,0.46,0.457,116.735,"5",163636,"Yes"
0.649,0.716,-6.232,"1","11",0.0445,0.0879,0.03,0.0824,0.503,124.968,"4",235813,"No"
0.847,0.678,-8.635,"1","9",0.109,0.0669,0,0.274,0.811,97.984,"4",200594,"Yes"
0.721,0.707,-7.953,"1","11",0.224,0.563,6.4e-06,0.338,0.462,125.07,"4",128825,"No"
0.798,0.675,-5.041,"1","6",0.0442,0.0912,0,0.0894,0.842,101.956,"4",219947,"No"
0.778,0.559,-7.109,"0","6",0.0776,0.128,0,0.399,0.678,129.989,"1",185093,"No"
0.7,0.848,-5.473,"1","8",0.217,0.317,0,0.349,0.29,124.056,"4",129693,"No"
0.851,0.541,-6.825,"1","0",0.0505,0.568,0,0.13,0.448,124.959,"4",235545,"No"
0.752,0.488,-7.05,"1","6",0.0705,0.297,9.11e-06,0.0936,0.533,136.041,"4",201661,"No"
0.876,0.519,-6.531,"1","11",0.143,0.202,0,0.108,0.158,94.981,"4",175230,"No"
0.771,0.826,-3.978,"1","11",0.0604,0.142,0.03,0.145,0.185,100.012,"4",212280,"Yes"
0.516,0.358,-12.018,"0","8",0.424,0.743,1.3e-06,0.0813,0.397,79.509,"4",124000,"No"
0.504,0.677,-6.954,"0","4",0.064,0.316,0.00127,0.268,0.0375,128.078,"4",159023,"No"
0.64,0.74,-4.083,"1","4",0.0284,0.0115,0.00678,0.167,0.785,116.879,"4",216320,"No"
0.609,0.692,-2.958,"1","1",0.0259,0.0157,0,0.0864,0.454,116.959,"3",233720,"No"
0.529,0.673,-4.711,"1","0",0.175,0.000307,2.41e-06,0.093,0.366,165.921,"4",218365,"No"
0.377,0.558,-9.076,"1","4",0.0299,0.0789,0.000342,0.125,0.267,149.971,"3",214800,"No"
0.82,0.611,-5.02,"0","9",0.122,0.0766,2.5e-05,0.0684,0.637,127.883,"4",133134,"Yes"
0.591,0.764,-5.484,"1","1",0.0483,0.0383,0,0.103,0.478,169.928,"4",141806,"No"
0.677,0.696,-6.181,"1","0",0.119,0.321,0,0.42,0.464,90.03,"4",198082,"No"
0.815,0.848,-4.704,"0","4",0.115,0.023,0.000162,0.0265,0.684,106.032,"4",133707,"No"
0.558,0.454,-5.335,"1","6",0.0551,0.499,0,0.146,0.424,113.12,"4",158594,"No"
0.63,0.456,-8.285,"1","8",0.0317,0.545,0,0.114,0.166,137.915,"3",251440,"No"
0.789,0.711,-4.248,"1","2",0.041,0.0332,0,0.0876,0.753,112.985,"4",190306,"No"
0.602,0.298,-13.333,"1","4",0.0385,0.31,0,0.117,0.316,119.889,"4",203076,"No"
0.386,0.426,-6.642,"1","3",0.0363,0.807,0,0.14,0.261,180.104,"3",203385,"No"
0.442,0.612,-7.222,"1","2",0.112,0.584,5.7e-06,0.37,0.178,180.917,"4",215507,"No"
0.844,0.644,-6.273,"0","11",0.0479,0.0828,0,0.113,0.591,122.061,"4",169038,"No"
0.651,0.595,-6.889,"1","8",0.179,0.279,0,0.241,0.816,116.92,"5",190080,"No"
0.664,0.609,-6.509,"1","1",0.0707,0.304,0,0.0926,0.194,130.041,"4",210560,"No"
0.504,0.788,-4.113,"0","3",0.215,0.0134,0,0.363,0.228,170.039,"4",186022,"Yes"
0.483,0.611,-6.33,"1","1",0.0994,0.117,0,0.111,0.325,103.308,"4",150340,"No"
0.873,0.444,-7.139,"1","10",0.0441,0.752,0.0393,0.0979,0.406,105.017,"4",270048,"No"
0.708,0.782,-4.687,"1","2",0.0674,0.00772,0,0.107,0.484,119.997,"4",160880,"Yes"
0.731,0.832,-2.592,"1","9",0.0503,0.273,0,0.0665,0.94,146.013,"4",178613,"No"
0.75,0.698,-4.371,"0","1",0.0388,0.427,0,0.0654,0.834,122.954,"4",200013,"No"
0.646,0.795,-3.293,"1","9",0.0976,0.0319,0,0.267,0.796,89.99,"4",210960,"No"
0.714,0.8,-4.808,"0","11",0.0504,0.127,0,0.359,0.589,134.002,"4",211560,"Yes"
0.691,0.814,-3.788,"0","1",0.117,0.0164,0,0.366,0.509,132.012,"4",145611,"No"
0.697,0.688,-4.551,"1","6",0.0362,0.29,0,0.308,0.666,121.962,"4",199920,"No"
0.654,0.434,-11.163,"1","8",0.0665,0.837,0,0.216,0.223,109.069,"4",171743,"Yes"
0.76,0.371,-8.964,"1","6",0.0531,0.00772,0,0.0785,0.653,138.023,"4",115402,"No"
0.504,0.711,-5.864,"1","9",0.0452,0.0585,1.83e-05,0.382,0.5,134.824,"4",232933,"No"
0.798,0.62,-7.079,"0","8",0.232,0.414,0.0192,0.112,0.235,120.031,"4",164000,"No"
0.556,0.661,-5.052,"0","6",0.204,0.3,0,0.101,0.668,168.56,"4",178148,"No"
0.94,0.335,-10.179,"0","5",0.505,0.17,0,0.262,0.707,120.04,"4",209640,"No"
0.921,0.524,-7.074,"0","8",0.0569,0.172,0,0.138,0.895,129.995,"4",137077,"No"
0.855,0.463,-7.454,"1","3",0.0367,0.217,1.77e-05,0.347,0.866,102.931,"4",122773,"No"
0.749,0.535,-6.785,"1","4",0.0336,0.0131,3.65e-05,0.0982,0.601,123.042,"4",196607,"No"
0.695,0.884,-2.278,"0","6",0.0753,0.0561,0,0.213,0.914,103.014,"4",203808,"Yes"
0.634,0.928,-1.609,"1","1",0.0514,0.00719,2.55e-06,0.0626,0.738,164.007,"4",205373,"No"
0.586,0.616,-7.964,"1","5",0.0324,0.182,0,0.0927,0.719,148.088,"4",242096,"Yes"
0.61,0.508,-6.682,"0","8",0.152,0.297,0,0.384,0.758,178.818,"4",137876,"No"
0.845,0.733,-4.581,"1","9",0.0566,0.0265,0.0109,0.063,0.28,128.016,"4",183832,"No"
0.624,0.528,-6.659,"1","3",0.07,0.284,0,0.0549,0.642,179.8,"4",125320,"No"
0.778,0.695,-6.865,"0","4",0.0913,0.175,0,0.15,0.472,149.996,"4",132780,"Yes"
0.875,0.677,-3.441,"0","3",0.0467,0.0391,0.611,0.332,0.798,128.015,"4",194955,"No"
0.745,0.74,-6.558,"1","0",0.097,0.53,7.37e-05,0.0936,0.36,97.735,"4",80118,"Yes"
0.844,0.429,-9.308,"1","2",0.0448,0.574,0,0.0949,0.764,119.989,"4",196000,"Yes"
0.699,0.882,-3.896,"0","4",0.0311,0.00296,0.0544,0.13,0.657,120.016,"4",196813,"No"
0.896,0.555,-12.145,"1","4",0.085,0.252,0.0143,0.109,0.772,120.013,"4",91067,"Yes"
0.701,0.787,-3.941,"0","8",0.0855,0.27,0,0.105,0.904,180.027,"4",171720,"Yes"
0.842,0.602,-7.103,"1","1",0.0796,0.00638,0.112,0.103,0.372,124.213,"4",205760,"No"
0.668,0.727,-6.55,"0","7",0.027,0.514,1.9e-05,0.1,0.939,139.991,"4",344571,"No"
0.69,0.752,-11.47,"0","6",0.0455,0.463,0.00102,0.595,0.97,126.005,"4",220667,"Yes"
0.788,0.844,-3.131,"1","2",0.0334,0.25,0.000678,0.0723,0.382,113.324,"4",251240,"Yes"
0.753,0.59,-4.144,"1","0",0.0317,0.259,0,0.0836,0.593,123.028,"4",235693,"No"
0.599,0.432,-6.097,"1","5",0.0451,0.62,0.00773,0.105,0.615,106.824,"5",175777,"No"
0.676,0.774,-3.988,"1","8",0.0338,0.137,0,0.106,0.392,86.994,"4",235413,"No"
0.949,0.79,-5.957,"1","8",0.0756,0.00437,0,0.0816,0.807,117.002,"4",246053,"No"
0.449,0.465,-8.964,"1","0",0.0791,0.524,1.02e-06,0.303,0.543,89.087,"3",198371,"No"
0.69,0.843,-2.949,"1","1",0.0534,0.0167,0,0.346,0.428,135.01,"4",220178,"No"
0.655,0.819,-4.852,"1","0",0.0316,0.000176,0.00374,0.104,0.766,117.956,"5",192790,"No"
0.757,0.836,-6.437,"0","1",0.0601,0.00324,0.000663,0.0389,0.756,136.883,"4",138312,"No"
0.727,0.552,-8.074,"0","2",0.14,0.227,0.000164,0.198,0.607,168.189,"4",289160,"No"
0.657,0.739,-4.081,"1","2",0.274,0.141,0,0.178,0.543,181.994,"4",202221,"No"
0.808,0.782,-8.505,"0","7",0.197,0.0241,0.00156,0.123,0.634,126.026,"4",268355,"No"
0.551,0.836,-3.838,"0","10",0.0524,0.00502,2.1e-05,0.0425,0.758,185.063,"4",220573,"No"
0.813,0.415,-5.926,"1","0",0.0349,0.777,0,0.131,0.667,91.921,"4",170345,"Yes"
0.609,0.692,-2.958,"1","1",0.0259,0.0157,0,0.0864,0.454,116.959,"3",233720,"No"
0.561,0.431,-8.81,"1","10",0.0578,0.768,1.42e-05,0.106,0.137,143.875,"4",242013,"Yes"
0.395,0.443,-9.72,"1","6",0.133,0.765,9.67e-06,0.0839,0.338,168.924,"3",175933,"No"
0.824,0.764,-4.175,"0","5",0.0854,0.0888,0.00294,0.117,0.881,107.998,"4",172627,"Yes"
0.764,0.705,-3.463,"1","8",0.0284,0.259,8.92e-05,0.12,0.781,110.97,"4",208667,"Yes"
0.817,0.855,-3.282,"0","7",0.244,0.318,0,0.0517,0.783,104.909,"4",196973,"No"
0.588,0.701,-6.39,"1","9",0.0402,0.00813,0,0.2,0.443,104.988,"4",228000,"No"
0.702,0.741,-5.33,"1","9",0.0427,0.00544,0,0.337,0.646,124.925,"4",187585,"Yes"
0.759,0.459,-5.187,"1","8",0.0948,0.00323,0,0.0906,0.695,109.997,"4",164442,"Yes"
0.804,0.652,-6.282,"1","8",0.0898,0.0267,0.000782,0.118,0.854,150.076,"4",200690,"Yes"
0.826,0.553,-10.121,"0","1",0.234,0.163,4.12e-05,0.135,0.4,140.037,"4",168228,"Yes"
0.713,0.801,-5.781,"1","7",0.0483,0.00628,1.5e-06,0.825,0.727,153.984,"4",235127,"No"
0.709,0.548,-8.493,"1","10",0.353,0.65,1.59e-06,0.133,0.543,83.995,"4",160000,"Yes"
0.945,0.821,-3.549,"0","9",0.0503,0.281,0.000316,0.0534,0.528,107.99,"4",206200,"No"
0.734,0.692,-6.227,"0","2",0.0555,0.0221,0,0.224,0.348,77.994,"4",149145,"Yes"
0.699,0.529,-7.548,"1","2",0.0487,0.0317,3.59e-05,0.285,0.121,119.987,"4",206167,"Yes"
0.706,0.751,-6.323,"1","9",0.0708,0.173,0,0.168,0.195,91.031,"4",182307,"No"
0.669,0.634,-6.476,"1","11",0.0327,0.0125,0,0.0946,0.496,124.906,"4",255053,"No"
0.714,0.884,-2.932,"1","11",0.113,0.00985,0,0.439,0.584,145.075,"4",178177,"No"
0.7,0.49,-5.187,"1","0",0.076,0.186,0,0.117,0.569,79.982,"4",161803,"Yes"
0.676,0.67,-6.584,"1","8",0.0374,0.353,0,0.103,0.54,113.01,"4",148260,"No"
0.77,0.732,-4.601,"0","4",0.0508,0.0305,0,0.157,0.889,110.011,"4",222680,"No"
0.799,0.539,-6.351,"1","1",0.0421,0.199,1.66e-05,0.165,0.394,136.948,"4",202547,"No"
0.877,0.658,-6.055,"0","11",0.132,0.163,0,0.108,0.693,123.999,"4",213947,"No"
0.666,0.728,-5.808,"1","7",0.0419,0.00175,4.26e-06,0.0429,0.51,122.996,"4",204878,"No"
0.706,0.841,-3.956,"1","7",0.0418,7.95e-05,0,0.0688,0.861,132.032,"4",220227,"Yes"
0.682,0.927,-2.915,"1","4",0.0479,0.0843,0,0.149,0.744,101.019,"4",195613,"No"
0.733,0.65,-3.539,"1","5",0.0315,0.0703,6.59e-05,0.0829,0.348,110.003,"4",209160,"No"
0.939,0.682,-5.931,"1","11",0.306,0.00152,0,0.0552,0.584,130.022,"4",154806,"Yes"
0.583,0.695,-5.336,"1","9",0.0423,0.0141,0,0.0527,0.224,104.879,"4",220573,"No"
0.736,0.704,-7.409,"0","3",0.0615,0.0203,0,0.0501,0.894,149.995,"4",212000,"No"
0.669,0.687,-4.753,"1","0",0.043,0.152,1.6e-05,0.308,0.386,123.903,"4",145161,"No"
0.808,0.897,-3.712,"0","11",0.0348,0.0469,3.14e-05,0.364,0.591,126.026,"4",231041,"Yes"
0.762,0.766,-3.955,"1","7",0.0343,0.00776,6.98e-05,0.128,0.442,130.001,"4",287120,"Yes"
0.691,0.829,-7.179,"1","0",0.0412,0.0289,0,0.254,0.866,93.059,"4",169154,"No"
0.82,0.611,-5.02,"0","9",0.122,0.0766,2.5e-05,0.0684,0.637,127.883,"4",133134,"Yes"
0.737,0.846,-4.51,"0","1",0.22,0.00614,0,0.0486,0.546,87.981,"4",143901,"No"
0.767,0.481,-8.52,"0","0",0.0803,0.234,0,0.269,0.761,150.076,"4",171375,"No"
0.68,0.729,-5.077,"1","5",0.0475,0.612,0,0.224,0.446,123.97,"4",179867,"Yes"
0.7,0.722,-3.558,"0","7",0.0369,0.221,0,0.272,0.756,90.989,"4",140526,"Yes"
0.611,0.797,-7.627,"0","6",0.0533,0.00543,0.00137,0.26,0.518,120.041,"4",218107,"No"
0.436,0.655,-8.37,"0","1",0.0583,0.499,8.1e-06,0.688,0.412,121.002,"4",279204,"No"
0.828,0.621,-6.414,"1","8",0.0565,0.0164,0.00233,0.0845,0.436,128.986,"4",186173,"No"
0.63,0.5,-8.755,"0","1",0.0611,0.611,4.04e-05,0.114,0.315,144.871,"4",245172,"No"
0.63,0.633,-7.088,"1","4",0.0457,0.00776,0,0.0541,0.452,93.995,"4",172762,"No"
0.727,0.739,-3.805,"1","8",0.0411,0.365,0.00137,0.161,0.533,93.005,"4",145800,"Yes"
0.83,0.585,-6.476,"1","0",0.094,0.237,0,0.248,0.485,109.978,"4",173711,"No"
0.737,0.802,-4.771,"1","0",0.0878,0.468,0,0.0931,0.682,144.015,"4",172325,"No"
0.72,0.607,-4.168,"1","1",0.0322,0.0543,0,0.113,0.828,121.223,"4",201947,"No"
0.907,0.393,-7.636,"0","4",0.0539,0.451,1.35e-06,0.135,0.202,104.949,"4",205458,"No"
0.699,0.463,-7.828,"1","0",0.475,0.315,0,0.0803,0.565,143.99,"4",177200,"No"
0.628,0.639,-5.46,"1","8",0.0435,0.00162,0,0.354,0.493,108.045,"4",185773,"No"
0.717,0.846,-3.182,"0","1",0.0329,0.00401,0.0913,0.05,0.713,136.961,"4",155365,"No"
0.658,0.634,-6.068,"0","1",0.0431,0.0104,0,0.12,0.302,140.002,"4",170813,"No"
0.526,0.818,-5.952,"1","3",0.0358,0.0587,0,0.333,0.896,171.96,"4",185098,"No"
0.651,0.291,-10.009,"1","4",0.0326,0.738,0,0.115,0.302,124.898,"3",210436,"No"
0.793,0.706,-4.536,"1","5",0.0695,0.332,0,0.0752,0.839,95.992,"4",176532,"No"
0.718,0.977,-1.824,"1","1",0.0668,0.143,0.0318,0.374,0.259,125.983,"4",148364,"No"
0.742,0.713,-5.522,"0","1",0.0303,0.0205,0,0.059,0.879,120.032,"4",189960,"No"
0.553,0.664,-7.417,"1","8",0.0741,0.0709,0.0056,0.106,0.467,140.06,"4",220440,"No"
0.734,0.495,-8.228,"0","2",0.24,0.548,0,0.121,0.539,150.044,"4",164955,"No"
0.786,0.764,-12.556,"1","0",0.0478,0.00584,1.32e-05,0.376,0.789,112.005,"4",193190,"No"
0.697,0.505,-7.595,"0","1",0.121,0.121,0,0.254,0.172,93.022,"4",216790,"No"
0.745,0.739,-4.591,"1","10",0.0327,0.405,0.000183,0.127,0.556,99.913,"4",214137,"Yes"
0.656,0.627,-6.627,"0","7",0.0379,0.343,2.17e-05,0.124,0.481,99.933,"4",167066,"Yes"
0.668,0.673,-5.714,"1","1",0.145,0.48,0,0.194,0.727,171.812,"4",232000,"No"
0.72,0.706,-4.719,"1","1",0.0473,0.0684,0,0.166,0.62,133.002,"4",187436,"No"
0.787,0.673,-4.583,"0","11",0.159,0.264,3.35e-06,0.0904,0.779,110.962,"4",237893,"No"
0.789,0.742,-5.664,"0","10",0.0652,0.0681,0,0.166,0.661,116.965,"4",167990,"No"
0.437,0.184,-17.667,"1","1",0.0313,0.72,0.00253,0.113,0.247,80.088,"4",136000,"Yes"
0.711,0.7,-4.805,"0","1",0.046,0.00498,0.000125,0.215,0.801,128.001,"4",211920,"No"
0.659,0.799,-2.849,"0","1",0.0629,0.417,0,0.0562,0.782,103.991,"4",181373,"No"
0.766,0.64,-8.899,"1","0",0.0345,0.051,0,0.237,0.67,100.044,"4",165600,"No"
0.72,0.79,-4.686,"1","1",0.125,0.0383,0,0.156,0.755,102.068,"4",175427,"No"
0.684,0.819,-3.309,"0","1",0.238,0.262,0.00197,0.113,0.25,179.999,"4",231867,"No"
0.602,0.923,-3.763,"1","5",0.044,0.0098,0,0.0561,0.765,136.01,"4",216013,"No"
0.666,0.876,-3.078,"1","3",0.0414,0.055,0,0.259,0.552,129.884,"4",194840,"No"
0.594,0.612,-6.627,"0","8",0.363,0.835,0,0.461,0.687,179.629,"4",168020,"No"
0.811,0.712,-6.567,"1","11",0.304,0.142,9.34e-05,0.148,0.497,203.918,"4",141218,"No"
0.885,0.353,-10.484,"1","2",0.0912,0.0866,5.78e-05,0.173,0.316,134.079,"4",117067,"Yes"
0.448,0.782,-6.766,"0","9",0.458,0.378,0,0.114,0.694,74.037,"4",210704,"Yes"
0.761,0.525,-6.9,"1","11",0.0944,0.44,6.7e-06,0.0921,0.531,80.87,"4",238805,"Yes"
0.918,0.609,-5.64,"0","10",0.0791,0.0928,0,0.139,0.304,128.008,"4",231400,"No"
0.501,0.682,-4.664,"0","0",0.0684,0.135,0,0.145,0.503,173.926,"4",164537,"No"
0.457,0.823,-4.76,"1","9",0.311,0.00144,0,0.108,0.578,192.205,"4",230733,"No"
0.704,0.638,-2.834,"1","10",0.0742,0.385,0,0.0683,0.386,107.974,"4",184478,"No"
0.686,0.385,-8.35,"0","7",0.297,0.614,0,0.131,0.147,143.07,"4",296568,"No"
0.81,0.538,-5.784,"0","0",0.0356,0.528,0,0.0951,0.828,109.97,"4",266840,"Yes"
0.886,0.84,-3.386,"1","2",0.0502,0.0164,0.00622,0.329,0.203,123.035,"4",179512,"Yes"
0.704,0.576,-4.962,"1","8",0.0967,0.654,0,0.0865,0.921,206.072,"4",178720,"No"
0.595,0.689,-6.107,"0","6",0.148,0.254,5.44e-06,0.129,0.213,168.112,"4",209427,"Yes"
0.791,0.754,-3.729,"1","0",0.0569,0.00446,0,0.163,0.425,125.014,"4",234653,"No"
0.62,0.884,-4.127,"1","1",0.0441,0.00595,1.1e-06,0.201,0.594,125.39,"4",207307,"No"
0.691,0.853,-2.528,"0","1",0.0372,0.0631,7.13e-05,0.082,0.762,145.999,"4",215867,"No"
0.934,0.694,-5.849,"0","11",0.101,0.0971,1.2e-06,0.477,0.833,123.831,"4",181240,"No"
0.859,0.525,-8.051,"0","1",0.0592,0.434,2.34e-05,0.108,0.312,110.066,"4",204764,"Yes"
0.671,0.673,-6.941,"0","11",0.0444,0.148,5.29e-05,0.304,0.494,121.963,"4",237720,"Yes"
0.742,0.882,-2.862,"1","7",0.117,0.0466,0,0.206,0.463,102.04,"4",221176,"Yes"
0.8,0.837,-2.807,"0","6",0.0491,0.00406,0.00313,0.0904,0.702,100.015,"4",225600,"No"
0.88,0.445,-6.154,"0","11",0.066,0.515,4.57e-06,0.102,0.787,138.048,"4",222067,"No"
0.692,0.831,-5.389,"1","9",0.034,0.0146,0,0.103,0.676,114.972,"4",224294,"No"
0.779,0.754,-4.358,"1","5",0.0966,0.343,2.6e-06,0.0965,0.883,89.998,"4",174733,"Yes"
0.588,0.791,-5.595,"1","7",0.0402,0.00245,0.00258,0.118,0.487,94.933,"4",231000,"No"
0.628,0.676,-4.227,"1","6",0.0424,0.393,6.94e-05,0.0978,0.723,78.996,"4",215687,"Yes"
0.716,0.512,-6.257,"1","1",0.0331,0.483,0,0.0928,0.326,104.957,"3",165907,"Yes"
0.886,0.605,-4.311,"1","6",0.109,0.00127,0.0167,0.0767,0.646,122.052,"4",166971,"Yes"
0.695,0.54,-5.692,"1","4",0.0493,0.299,0,0.367,0.415,121.932,"4",168602,"No"
0.778,0.824,-5.892,"0","10",0.0707,0.284,0,0.405,0.758,100.024,"4",218093,"No"
0.68,0.826,-5.487,"1","0",0.0309,0.0212,1.24e-05,0.543,0.644,118.051,"4",215627,"No"
0.778,0.559,-7.109,"0","6",0.0776,0.128,0,0.399,0.678,129.989,"1",185093,"No"
0.865,0.45,-9.387,"1","0",0.0417,0.0359,1.28e-06,0.308,0.352,99.989,"4",247067,"No"
0.613,0.668,-6.867,"1","8",0.267,0.245,0,0.0735,0.509,96.176,"4",209393,"No"
0.757,0.678,-5.529,"0","8",0.233,0.0472,9.14e-06,0.0654,0.82,120.075,"4",218235,"No"
0.719,0.798,-4.582,"1","10",0.0361,0.0162,2.34e-06,0.134,0.591,120.011,"4",227741,"No"
0.435,0.837,-8.126,"1","3",0.449,0.00676,0,0.117,0.778,124.913,"4",216893,"No"
0.729,0.868,-3.319,"1","3",0.0609,0.00939,0,0.283,0.632,124.957,"4",191573,"No"
0.728,0.859,-5.237,"0","5",0.137,0.0401,0,0.111,0.535,65.043,"4",214240,"No"
0.581,0.681,-4.469,"1","7",0.0435,0.0472,0,0.104,0.634,176.034,"4",256800,"No"
0.621,0.989,-4.225,"0","10",0.0434,0.015,0.357,0.184,0.0348,126.002,"4",158095,"No"
0.601,0.741,-5.569,"1","2",0.0478,0.185,2.91e-05,0.415,0.441,153.96,"4",153190,"No"
0.738,0.67,-3.766,"0","7",0.0439,0.458,0,0.361,0.651,138.055,"4",184602,"No"
0.65,0.825,-4.645,"1","0",0.0325,0.0215,2.44e-05,0.0936,0.593,118.091,"4",191014,"No"
0.41,0.611,-8.271,"0","4",0.0467,0.0228,0,0.116,0.0899,185.727,"3",184448,"No"
0.734,0.766,-4.485,"1","1",0.0383,0.025,0.00138,0.108,0.6,127.986,"4",215227,"No"
0.685,0.731,-5.503,"0","10",0.414,0.0292,0,0.369,0.266,145.245,"4",247867,"No"
0.745,0.65,-11.814,"1","2",0.346,0.0451,0.00758,0.111,0.386,144.047,"4",152137,"Yes"
0.88,0.501,-6.774,"1","2",0.062,0.0494,0.0695,0.436,0.459,120.038,"4",114500,"Yes"
0.752,0.494,-8.18,"1","0",0.0559,0.432,0,0.0869,0.227,117.901,"4",171356,"No"
0.935,0.71,-5.085,"0","11",0.158,0.0769,1.92e-06,0.173,0.635,100.009,"4",168507,"Yes"
0.514,0.73,-5.934,"1","1",0.0598,0.00146,9.54e-05,0.0897,0.334,171.005,"4",200040,"Yes"
0.862,0.631,-4.746,"1","7",0.0515,0.291,0.000209,0.123,0.841,128.978,"4",223488,"Yes"
0.843,0.741,-5.609,"1","11",0.334,0.0252,0,0.096,0.68,168.983,"4",155497,"Yes"
0.572,0.406,-8.624,"1","10",0.0427,0.587,4.48e-06,0.102,0.265,119.812,"4",201084,"No"
0.672,0.855,-3.764,"1","9",0.0397,0.021,0,0.323,0.646,123.056,"4",182200,"No"
0.698,0.799,-4.372,"1","2",0.0342,0.0129,5.46e-06,0.215,0.351,115.957,"4",161733,"No"
0.658,0.878,-3.875,"1","1",0.123,0.00792,0,0.944,0.683,122.015,"4",186653,"No"
0.724,0.491,-6.024,"1","8",0.0296,0.018,1.29e-05,0.0887,0.383,105.046,"4",170746,"Yes"
0.647,0.844,-3.756,"1","0",0.0457,0.0137,0.000658,0.102,0.746,146.967,"4",193829,"No"
0.801,0.589,-5.157,"1","7",0.0485,0.0863,0,0.162,0.58,116.934,"4",180147,"No"
0.399,0.491,-10.778,"0","6",0.0538,0.0563,0.00089,0.11,0.151,91.066,"4",210463,"Yes"
0.597,0.45,-6.658,"1","8",0.0418,0.223,0,0.382,0.537,178.765,"3",228482,"No"
0.73,0.729,-3.434,"0","4",0.0884,0.167,1.39e-06,0.349,0.467,113.011,"4",221820,"Yes"
0.375,0.461,-6.202,"1","9",0.0279,0.627,0,0.386,0.233,75.217,"4",223270,"No"
0.501,0.168,-13.682,"0","4",0.304,0.901,0,0.134,0.514,82.574,"4",193208,"No"
0.64,0.74,-4.083,"1","4",0.0284,0.0115,0.00678,0.167,0.785,116.879,"4",216320,"No"
0.705,0.373,-9.066,"1","7",0.0384,0.723,0.81,0.289,0.551,120.046,"4",208026,"Yes"
0.688,0.582,-10.668,"0","6",0.0542,0.23,0.000157,0.0663,0.872,85.486,"4",224661,"No"
0.878,0.525,-6.832,"1","5",0.0578,0.183,0,0.0714,0.694,112.022,"4",158571,"No"
0.665,0.373,-10.631,"1","7",0.158,0.852,0.118,0.108,0.07,119.905,"4",164113,"No"
0.744,0.845,-7.422,"0","4",0.253,0.759,0.232,0.1,0.749,75.221,"4",160000,"Yes"
0.748,0.457,-7.56,"1","6",0.0465,0.0292,0.000294,0.444,0.464,123.035,"4",188293,"No"
0.915,0.392,-11.548,"1","7",0.475,0.112,0,0.0319,0.675,139.94,"4",151018,"No"
0.747,0.554,-6.154,"0","8",0.289,0.493,0.000425,0.332,0.585,96.988,"4",164318,"No"
0.878,0.578,-7.581,"1","0",0.0722,0.196,0.433,0.0965,0.148,100.996,"4",154455,"No"
0.96,0.412,-11.281,"1","1",0.607,0.119,0,0.0903,0.49,121.027,"4",128926,"Yes"
0.965,0.412,-8.696,"1","0",0.434,0.0778,1.12e-06,0.0867,0.486,120.03,"4",106016,"Yes"
0.715,0.796,-4.889,"0","4",0.0534,0.0284,0,0.0658,0.431,129.04,"4",218707,"No"
0.718,0.403,-11.064,"0","2",0.205,0.263,1.56e-06,0.228,0.636,129.582,"4",177856,"Yes"
0.68,0.729,-5.077,"1","5",0.0475,0.612,0,0.224,0.446,123.97,"4",179867,"Yes"
0.88,0.751,-4.258,"0","7",0.0874,0.177,6.43e-05,0.106,0.884,117.948,"4",157606,"Yes"
0.651,0.631,-5.717,"0","6",0.0896,0.519,0.000579,0.165,0.35,127.994,"4",154424,"Yes"
0.92,0.833,-3.18,"1","1",0.253,0.0277,0,0.0596,0.645,141.034,"4",165726,"No"
0.71,0.68,-4.676,"1","1",0.106,0.0078,0.0165,0.0493,0.571,129.971,"4",194253,"Yes"
0.915,0.556,-8.601,"1","1",0.216,0.0145,0.000179,0.0733,0.67,148.964,"4",170947,"No"
0.861,0.82,-4.807,"0","1",0.0728,0.032,4.76e-06,0.0706,0.781,118.04,"4",187571,"No"
0.695,0.818,-5.379,"0","5",0.0334,0.00647,4.87e-06,0.0219,0.916,119.965,"4",182693,"No"
0.726,0.431,-8.765,"0","8",0.135,0.731,0,0.696,0.348,144.026,"4",173333,"Yes"
0.817,0.635,-7.246,"1","5",0.163,0.323,0,0.0738,0.454,138.015,"4",129241,"No"
0.613,0.581,-8.588,"0","0",0.0424,0.537,0.000345,0.25,0.551,130.033,"4",239560,"No"
0.879,0.733,-3.953,"0","11",0.142,0.216,0,0.274,0.913,117.039,"4",147692,"No"
0.876,0.312,-10.17,"1","7",0.0521,0.443,0,0.247,0.377,114.973,"4",197217,"No"
0.728,0.431,-9.966,"0","6",0.0622,0.749,0,0.0996,0.629,130.022,"4",147800,"Yes"
0.611,0.797,-7.627,"0","6",0.0533,0.00543,0.00137,0.26,0.518,120.041,"4",218107,"No"
0.66,0.639,-5.364,"0","10",0.223,0.129,0,0.256,0.75,173.994,"4",141673,"No"
0.674,0.774,-7.567,"0","11",0.0892,0.0686,0.00188,0.393,0.33,112.05,"4",176547,"No"
0.676,0.525,-5.88,"1","9",0.028,0.617,0,0.356,0.421,112.011,"4",210000,"No"
0.816,0.59,-5.961,"0","2",0.121,0.0854,0,0.108,0.612,100.137,"4",222961,"No"
0.767,0.481,-8.52,"0","0",0.0803,0.234,0,0.269,0.761,150.076,"4",171375,"No"
0.906,0.604,-8.332,"0","11",0.0746,0.329,0,0.255,0.899,99.996,"4",144013,"No"
0.711,0.592,-7.136,"0","4",0.23,0.758,0,0.156,0.535,124.749,"4",141224,"Yes"
0.688,0.716,-5.702,"1","7",0.0385,0.0969,0,0.0989,0.373,116.912,"3",284480,"No"
0.586,0.893,-8.772,"1","7",0.439,0.827,0.642,0.212,0.65,140.023,"3",116630,"No"
0.716,0.531,-7.355,"1","7",0.122,0.0703,0,0.224,0.344,71.994,"4",386907,"No"
0.764,0.705,-5.279,"0","3",0.0278,0.0371,1.94e-05,0.0943,0.672,101.003,"4",196520,"No"
0.736,0.279,-16.926,"0","9",0.903,0.65,0.000312,0.246,0.476,76.431,"4",154550,"No"
0.701,0.716,-3.671,"0","7",0.0361,0.174,0,0.324,0.732,91.007,"4",140533,"Yes"
0.738,0.621,-7.313,"1","0",0.0486,0.424,7.39e-06,0.692,0.715,113.968,"4",136839,"Yes"
0.707,0.955,-4.593,"0","10",0.222,0.127,0,0.202,0.575,125.989,"4",134240,"Yes"
0.785,0.431,-8.756,"0","10",0.0364,0.123,0,0.0887,0.236,127.085,"4",159382,"Yes"
0.662,0.657,-10.002,"1","7",0.0345,0.288,0.856,0.102,0.0584,117.986,"4",390639,"No"
0.923,0.795,-3.61,"0","11",0.117,0.0394,0.000565,0.101,0.588,123.021,"4",242133,"No"
0.632,0.639,-5.938,"1","5",0.0259,0.00143,0,0.221,0.733,95.506,"4",196893,"No"
0.674,0.882,-2.771,"0","3",0.0477,0.000441,6.47e-05,0.068,0.682,123.016,"4",205733,"No"
0.357,0.425,-7.301,"1","5",0.0333,0.584,0,0.322,0.27,102.078,"3",198040,"No"
0.785,0.652,-2.607,"1","0",0.0668,0.102,0,0.0697,0.484,170.024,"4",203093,"No"
0.774,0.554,-7.909,"1","0",0.0383,0.207,0,0.132,0.349,99.034,"4",162547,"Yes"
0.727,0.729,-2.99,"1","0",0.326,0.171,0,0.07,0.512,117.932,"4",284733,"No"
0.513,0.69,-4.986,"1","0",0.0341,0.51,0,0.102,0.777,96.881,"4",145920,"No"
0.874,0.487,-6.032,"1","2",0.194,0.237,0,0.0978,0.371,106.052,"4",163173,"No"
0.484,0.632,-6.917,"1","5",0.0976,0.695,0.0243,0.209,0.0736,126.384,"3",214558,"No"
0.719,0.803,-3.834,"1","4",0.0795,0.0148,4e-06,0.29,0.712,142.966,"4",133995,"Yes"
0.71,0.404,-10.04,"0","1",0.379,0.484,0,0.0953,0.398,139.553,"4",165853,"No"
0.754,0.677,-4.399,"0","6",0.0316,0.112,0,0.111,0.254,124.988,"4",220779,"No"
0.621,0.601,-5.616,"0","6",0.148,0.0522,0,0.46,0.457,116.735,"5",163636,"Yes"
0.546,0.468,-8.167,"1","5",0.0287,0.153,0.00257,0.321,0.416,73.372,"4",177493,"No"
0.822,0.871,-4.095,"1","1",0.214,0.00567,0.391,0.101,0.648,145.062,"4",140527,"No"
0.387,0.132,-15.142,"1","5",0.0386,0.914,0.000707,0.281,0.323,100,"4",195493,"No"
0.842,0.597,-6.336,"1","2",0.0627,0.00252,0,0.124,0.298,145.992,"4",215307,"Yes"
0.621,0.873,-3.067,"0","5",0.0369,0.0406,9.1e-06,0.0824,0.873,97.96,"4",237800,"No"
0.924,0.386,-8.183,"1","9",0.0548,0.755,0.00253,0.118,0.424,108.957,"4",179125,"Yes"
0.794,0.793,-4.521,"0","11",0.0842,0.0125,0,0.0952,0.677,123.941,"4",183290,"Yes"
0.619,0.45,-11.965,"0","7",0.515,0.433,0,0.513,0.41,179.755,"4",194000,"Yes"
0.689,0.516,-5.857,"1","8",0.0444,0.513,0,0.163,0.209,124.876,"4",190920,"Yes"
0.664,0.573,-6.519,"1","5",0.0277,0.613,0.000363,0.0857,0.566,76.023,"4",160097,"No"
0.665,0.417,-6.731,"0","1",0.524,0.374,0,0.186,0.04,110.111,"4",215320,"No"
0.511,0.93,-3.649,"1","2",0.0441,0.0056,0,0.242,0.673,75.01,"4",219813,"No"
0.551,0.756,-4.948,"1","2",0.0652,0.0511,0,0.0765,0.618,175.984,"4",205733,"No"
0.66,0.689,-2.671,"0","4",0.0337,0.0884,0,0.0922,0.427,127.98,"4",221075,"No"
0.848,0.694,-4.272,"1","1",0.0572,0.0493,1.15e-05,0.105,0.728,130.075,"4",251013,"No"
0.974,0.472,-11.848,"0","11",0.447,0.0488,0.000157,0.116,0.806,126.065,"4",110063,"Yes"
0.673,0.649,-8.433,"0","1",0.196,0.188,0,0.122,0.47,153.075,"4",153800,"No"
0.497,0.349,-8.749,"0","9",0.0877,0.967,0.037,0.228,0.251,140.551,"1",80842,"No"
0.606,0.799,-4.452,"1","9",0.0261,0.0128,0,0.15,0.638,103.014,"4",232907,"Yes"
0.758,0.436,-7.269,"1","0",0.0418,0.618,1.61e-05,0.335,0.605,104.959,"4",192080,"No"
0.849,0.599,-8.164,"1","6",0.227,0.00301,0.000249,0.0763,0.761,126.003,"4",238507,"Yes"
0.897,0.513,-6.973,"0","10",0.309,0.571,0,0.101,0.692,139.935,"4",137744,"Yes"
0.856,0.641,-4.64,"0","11",0.204,0.119,4.97e-06,0.427,0.745,111.004,"4",206221,"No"
0.69,0.786,-2.959,"1","2",0.0692,0.229,0,0.0797,0.583,100.049,"4",263173,"No"
0.615,0.711,-5.507,"1","11",0.0779,0.0444,0,0.145,0.711,144.036,"4",221253,"No"
0.801,0.505,-5.829,"1","11",0.293,0.0446,9.52e-06,0.122,0.757,161.059,"4",156443,"No"
0.91,0.402,-9.55,"1","1",0.0857,0.0297,0.00018,0.0801,0.825,135.993,"4",216267,"No"
0.388,0.338,-10.054,"1","10",0.0329,0.652,3.73e-06,0.248,0.478,177.765,"4",303373,"No"
0.771,0.654,-6.976,"0","8",0.298,0.055,0,0.214,0.573,155.047,"4",224955,"No"
0.977,0.39,-10.025,"1","1",0.302,0.214,6.06e-06,0.058,0.962,124.036,"4",281313,"No"
0.418,0.441,-11.522,"0","11",0.283,0.029,0.0707,0.306,0.172,175.928,"4",319467,"No"
0.839,0.683,-9.232,"0","10",0.165,0.00667,0,0.241,0.522,120.003,"4",159955,"Yes"
0.682,0.683,-6.444,"0","8",0.0287,0.156,2.32e-05,0.273,0.64,120.023,"4",178000,"No"
0.689,0.412,-7.523,"0","7",0.0301,0.488,0.00016,0.0659,0.537,126.754,"4",184060,"No"
0.447,0.848,-6.175,"1","2",0.222,0.033,7.46e-05,0.65,0.485,172.253,"4",205200,"No"
0.893,0.296,-15.774,"1","1",0.907,0.00348,0,0.176,0.321,130.145,"4",147697,"No"
0.802,0.591,-4.895,"1","8",0.225,0.0104,0,0.196,0.309,139.864,"4",157712,"Yes"
0.746,0.486,-7.004,"1","10",0.0344,0.222,1.41e-06,0.123,0.417,92.057,"4",233228,"No"
0.866,0.438,-8.943,"1","7",0.0719,0.177,0,0.0743,0.695,129.039,"4",223258,"No"
0.813,0.601,-7.552,"0","11",0.116,0.189,2e-04,0.426,0.855,118.981,"4",177479,"No"
0.655,0.789,-3.995,"1","4",0.0489,0.423,0,0.13,0.66,92.968,"4",52867,"No"
0.696,0.375,-7.543,"1","3",0.493,0.27,0,0.269,0.688,101.073,"4",351467,"No"
0.847,0.656,-4.976,"1","2",0.115,0.00451,0.000854,0.143,0.234,114.001,"4",154787,"Yes"
0.686,0.541,-4.993,"0","0",0.0493,0.042,0,0.0675,0.724,120.082,"4",112493,"No"
0.763,0.604,-5.754,"1","1",0.114,0.0838,0,0.261,0.18,147.893,"4",116757,"No"
0.734,0.692,-6.227,"0","2",0.0555,0.0221,0,0.224,0.348,77.994,"4",149145,"Yes"
0.768,0.652,-2.708,"0","1",0.307,0.113,0,0.107,0.777,154.187,"4",144935,"No"
0.714,0.845,-4.234,"0","7",0.0856,0.199,0.00762,0.372,0.51,75.985,"4",229671,"Yes"
0.905,0.521,-4.318,"1","1",0.443,0.213,3.87e-05,0.175,0.533,131.115,"4",179871,"No"
0.598,0.526,-8.659,"0","10",0.0415,0.129,0,0.14,0.529,123.935,"4",168387,"Yes"
0.847,0.573,-6.032,"1","0",0.253,0.00739,0.0149,0.0845,0.332,99.919,"4",137595,"Yes"
0.863,0.667,-3.891,"1","0",0.0508,0.0154,0.000341,0.125,0.892,120.011,"4",208867,"No"
0.732,0.668,-6.768,"1","2",0.0444,0.775,5.23e-06,0.224,0.705,111.001,"4",242327,"No"
0.822,0.66,-3.637,"1","1",0.0819,0.111,0,0.143,0.802,113.956,"4",265263,"No"
0.744,0.422,-8.946,"1","1",0.294,0.0319,0.00011,0.11,0.493,180.006,"4",202667,"No"
0.928,0.392,-7.537,"0","3",0.0563,0.0374,0,0.107,0.454,102.023,"4",177866,"No"
0.879,0.498,-6.027,"0","4",0.18,0.239,0,0.0967,0.405,106.044,"4",163173,"No"
0.874,0.443,-9.628,"0","5",0.241,0.147,0,0.124,0.298,118.004,"4",235988,"No"
0.831,0.427,-6.903,"1","2",0.106,0.0531,0,0.307,0.216,93.004,"4",235320,"No"
0.896,0.586,-6.687,"0","10",0.0559,0.104,0,0.79,0.642,116.971,"4",196653,"Yes"
0.891,0.657,-5.552,"0","10",0.165,0.00833,0.0026,0.054,0.453,125.995,"4",230657,"No"
0.843,0.39,-7.899,"1","2",0.0846,0.178,0,0.137,0.495,129.972,"4",160627,"Yes"
0.738,0.799,-7.036,"1","7",0.0556,0.249,0,0.35,0.882,142.094,"4",61466,"No"
0.946,0.269,-10.061,"1","1",0.567,0.018,0.068,0.108,0.0999,125.95,"4",100000,"No"
0.746,0.691,-7.533,"0","4",0.0403,0.184,0.0259,0.205,0.888,119.982,"4",258453,"No"
0.616,0.426,-8.399,"1","9",0.0421,0.634,0,0.0695,0.589,110.395,"4",143613,"No"
0.786,0.712,-5.349,"0","3",0.0678,0.0706,0,0.236,0.795,130.144,"4",180231,"No"
0.68,0.32,-7.544,"0","10",0.0289,0.954,0,0.0948,0.769,108.07,"4",115227,"No"
0.657,0.574,-9.484,"0","1",0.0407,0.016,8.1e-05,0.172,0.211,119.992,"4",281080,"No"
0.376,0.43,-6.585,"0","0",0.0328,0.0902,0,0.0912,0.129,77.599,"3",177323,"No"
0.617,0.717,-7.858,"0","10",0.153,0.00564,0,0.408,0.49,103.992,"4",311867,"No"
0.629,0.692,-8.045,"1","5",0.0376,0.00981,0.331,0.603,0.453,162.948,"4",167916,"No"
0.645,0.705,-5.008,"1","1",0.299,0.000813,0,0.128,0.376,137.133,"4",229670,"Yes"
0.729,0.675,-5.292,"0","5",0.0286,4.14e-05,0.00126,0.0867,0.74,125.036,"4",215200,"No"
0.91,0.617,-10.234,"1","0",0.0847,0.258,0,0.122,0.572,104.972,"4",166857,"No"
0.606,0.544,-8.36,"0","9",0.0593,0.0481,0,0.0916,0.456,86.013,"4",196800,"No"
0.688,0.316,-15.548,"0","9",0.0357,0.631,0,0.387,0.688,128.084,"4",195631,"No"
0.517,0.747,-4.74,"0","6",0.296,0.0189,7.35e-06,0.0821,0.506,102.033,"4",171980,"No"
0.675,0.609,-5.027,"0","7",0.0586,0.084,0,0.0957,0.378,120.039,"4",208729,"No"
0.738,0.563,-5.467,"0","5",0.11,0.113,0,0.191,0.876,134.132,"4",248133,"No"
0.765,0.579,-7.051,"1","10",0.0496,0.0107,0.362,0.15,0.855,142.065,"4",115352,"No"
0.866,0.211,-12.676,"0","11",0.0404,0.974,0,0.0987,0.198,101.295,"4",163902,"No"
0.715,0.872,-3.835,"1","2",0.0509,0.00351,3.84e-05,0.107,0.748,93.043,"4",200947,"No"
0.834,0.454,-9.75,"0","1",0.201,0.321,6.15e-06,0.114,0.837,81.618,"4",247059,"Yes"
0.77,0.724,-5.484,"1","8",0.0495,0.0167,0.0107,0.353,0.898,121.975,"4",176840,"Yes"
0.652,0.631,-5.718,"0","6",0.0893,0.524,0.000579,0.165,0.35,127.998,"4",154424,"Yes"
0.755,0.578,-8.932,"0","0",0.145,0.316,0,0.25,0.581,94.148,"4",176960,"No"
0.696,0.454,-6.756,"0","1",0.153,0.123,0,0.155,0.136,92.928,"4",260640,"No"
0.785,0.776,-5.259,"1","2",0.0312,0.729,0,0.181,0.967,121.505,"4",148040,"No"
0.964,0.595,-6.887,"0","1",0.109,0.0248,5.14e-06,0.0405,0.629,128.593,"4",261880,"Yes"
0.695,0.701,-6.435,"1","0",0.0281,0.0187,0.0464,0.251,0.58,133,"4",272507,"No"
0.754,0.568,-8.719,"1","10",0.344,0.0635,0.00932,0.118,0.175,159.947,"4",83940,"Yes"
0.814,0.635,-6.609,"0","7",0.0809,0.0935,0,0.0892,0.784,87.581,"4",200774,"Yes"
0.769,0.479,-5.339,"1","1",0.0385,0.66,0,0.0914,0.803,96.051,"4",164640,"No"
0.548,0.816,-4.209,"1","0",0.0465,0.122,0,0.335,0.557,95.39,"4",174000,"Yes"
0.449,0.585,-6.761,"1","5",0.0268,0.0509,8.75e-05,0.0833,0.212,139.631,"4",278719,"No"
0.917,0.657,-5.716,"1","8",0.0921,0.318,3.62e-06,0.0754,0.818,131.03,"4",165733,"No"
0.718,0.484,-10.376,"1","11",0.523,0.312,0,0.127,0.692,113.855,"4",142044,"No"
0.698,0.633,-4.946,"1","8",0.0597,0.0605,0.000194,0.0926,0.552,96.924,"4",232187,"No"
0.81,0.538,-5.784,"0","0",0.0356,0.528,0,0.0951,0.828,109.97,"4",266840,"Yes"
0.776,0.503,-5.732,"0","0",0.237,0.874,0,0.112,0.473,110.134,"4",210285,"No"
0.42,0.656,-6.776,"0","11",0.0678,0.494,0,0.36,0.448,110.457,"4",346436,"Yes"
0.834,0.663,-6.143,"1","8",0.133,0.235,0,0.372,0.774,121.876,"4",146523,"No"
0.632,0.683,-6.434,"1","7",0.0383,0.163,0.00013,0.847,0.701,105.955,"4",197213,"No"
0.807,0.783,-3.115,"1","5",0.0964,0.351,0,0.14,0.592,127.996,"4",195213,"No"
0.744,0.614,-3.908,"0","1",0.0838,0.00685,0.334,0.0708,0.774,131.994,"4",383547,"No"
0.659,0.628,-8.685,"0","0",0.179,0.186,0,0.105,0.262,94.05,"4",219427,"No"
0.883,0.415,-8.571,"0","6",0.174,0.35,0,0.063,0.318,76.986,"4",155867,"Yes"
0.453,0.538,-8.212,"1","1",0.0638,0.449,0,0.19,0.516,122.973,"4",204533,"Yes"
0.732,0.413,-6.353,"1","9",0.0702,0.287,0,0.0565,0.761,92.066,"4",154456,"No"
0.934,0.658,-8.052,"1","0",0.108,0.411,0.000738,0.0809,0.344,110.015,"4",117363,"Yes"
0.68,0.826,-5.487,"1","0",0.0309,0.0212,1.24e-05,0.543,0.644,118.051,"4",215627,"No"
0.64,0.355,-10.599,"1","5",0.0906,0.83,0.000938,0.11,0.451,120.063,"4",148640,"Yes"
0.611,0.688,-5.688,"1","1",0.341,0.0264,0,0.251,0.393,178.462,"4",132303,"No"
0.928,0.372,-10.393,"1","1",0.321,0.0202,9.6e-06,0.0948,0.732,112.458,"4",174933,"No"
0.367,0.665,-2.821,"1","1",0.0465,0.145,0,0.113,0.31,148.913,"4",229147,"No"
0.602,0.923,-3.763,"1","5",0.044,0.0098,0,0.0561,0.765,136.01,"4",216013,"No"
0.487,0.617,-6.9,"1","0",0.275,0.0151,0,0.356,0.604,132.088,"4",232368,"No"
0.56,0.674,-6.048,"1","10",0.0446,0.698,0,0.123,0.421,119.942,"4",197933,"No"
0.877,0.503,-10.269,"0","7",0.22,0.164,0.0132,0.102,0.529,100.069,"4",144000,"Yes"
0.831,0.499,-8.442,"0","11",0.114,0.269,0,0.3,0.511,97.956,"4",220487,"No"
0.604,0.151,-23.928,"0","7",0.883,0.821,4.98e-05,0.0867,0.216,209.082,"3",37632,"Yes"
0.512,0.771,-7.006,"1","4",0.0402,0.168,0,0.0895,0.803,129.639,"4",160907,"No"
0.698,0.542,-4.317,"1","2",0.131,0.132,0.00117,0.199,0.664,140.096,"4",165391,"No"
0.784,0.298,-9.56,"0","5",0.0542,0.125,3.19e-05,0.0678,0.846,87.172,"4",279240,"No"
0.763,0.803,-3.713,"1","1",0.0351,0.0709,0.285,0.348,0.561,103.04,"3",229640,"No"
0.822,0.743,-4.772,"0","10",0.28,0.016,0,0.127,0.636,84.459,"4",242001,"No"
0.98,0.413,-11.052,"0","8",0.101,0.671,7.95e-05,0.17,0.764,119.993,"4",180139,"Yes"
0.773,0.75,-4.009,"0","8",0.117,0.109,0,0.174,0.783,123.426,"4",220587,"No"
0.894,0.627,-9.408,"1","7",0.639,0.0758,0,0.108,0.383,139.91,"4",118075,"No"
0.465,0.446,-8.336,"0","10",0.0433,0.102,0,0.321,0.131,121.801,"4",177773,"No"
0.694,0.801,-4.503,"0","9",0.0441,0.00124,0,0.479,0.646,119.969,"4",249280,"No"
0.648,0.827,-4.78,"0","9",0.042,0.00533,0.338,0.217,0.598,176.005,"4",230895,"No"
0.891,0.538,-6.724,"1","2",0.394,0.123,0,0.0848,0.643,80.032,"4",107404,"No"
0.799,0.66,-6.153,"0","1",0.079,0.256,0,0.111,0.471,140.04,"4",195429,"No"
0.702,0.597,-7.067,"1","2",0.207,0.587,3.62e-06,0.112,0.383,85.016,"4",181852,"No"
0.685,0.61,-5.221,"0","0",0.0439,0.323,0,0.102,0.323,94.384,"3",186467,"No"
0.954,0.696,-7.117,"0","10",0.204,0.00576,0.000498,0.0754,0.432,100.036,"4",139413,"Yes"
0.898,0.733,-4.75,"1","7",0.178,0.0533,0.000115,0.102,0.295,96.51,"4",237493,"No"
0.654,0.81,-6.26,"0","4",0.0288,0.00719,0.00251,0.165,0.661,114.623,"4",200307,"No"
0.876,0.479,-6.687,"0","4",0.44,0.703,0,0.102,0.776,133.858,"4",115200,"No"
0.822,0.655,-8.316,"1","9",0.0363,0.205,0.000535,0.1,0.518,106.977,"4",215387,"No"
0.646,0.823,-4.123,"0","2",0.0394,0.213,0,0.322,0.418,128.035,"4",227267,"No"
0.56,0.78,-4.895,"0","5",0.0517,0.00244,0,0.0714,0.602,93.516,"4",157507,"No"
0.695,0.642,-6.13,"0","1",0.194,0.238,0,0.359,0.316,128.022,"4",209848,"Yes"
0.928,0.696,-4.972,"0","4",0.0866,0.331,0.000119,0.121,0.396,94.994,"4",165938,"No"
0.497,0.825,-6.772,"1","2",0.278,0.00166,0.000284,0.361,0.812,87.943,"4",68586,"No"
0.714,0.594,-10.63,"1","0",0.43,0.965,0.255,0.129,0.45,169.837,"4",158436,"No"
0.792,0.583,-8.305,"0","8",0.027,0.023,0.582,0.0809,0.54,102.979,"4",209709,"No"
0.725,0.668,-7.286,"0","5",0.055,0.0932,2.33e-06,0.112,0.566,82.966,"4",176787,"No"
0.839,0.473,-7.835,"0","10",0.0607,0.641,0.000459,0.0939,0.0644,98.732,"4",135016,"No"
0.816,0.401,-8.041,"1","7",0.22,0.464,0,0.0657,0.678,129.041,"4",180672,"No"
0.626,0.79,-4.302,"1","2",0.0311,0.135,3.97e-06,0.0989,0.416,119.082,"4",235767,"No"
0.588,0.742,-6.757,"1","8",0.0528,0.0162,3.98e-06,0.653,0.824,125.819,"4",228173,"No"
0.746,0.653,-6.745,"1","7",0.289,0.378,0,0.229,0.672,75.016,"4",253107,"Yes"
0.686,0.805,-6.816,"0","11",0.154,0.00478,1.09e-06,0.0887,0.289,130.981,"4",154567,"No"
0.893,0.61,-5.691,"0","4",0.0488,0.0227,0.00744,0.102,0.778,136.64,"4",60000,"No"
0.934,0.439,-9.564,"0","4",0.338,0.00506,0,0.092,0.289,140.022,"4",118776,"No"
0.689,0.701,-9.477,"0","6",0.237,0.314,0,0.123,0.37,94.982,"4",151579,"No"
0.785,0.425,-6.665,"1","10",0.137,0.0335,4.36e-06,0.108,0.192,174.028,"4",166627,"No"
0.47,0.436,-10.228,"1","0",0.0351,0.67,0.263,0.294,0.0389,81.972,"3",248056,"No"
0.913,0.603,-4.892,"1","8",0.226,0.0272,0.000503,0.167,0.497,123.061,"4",234093,"No"
0.316,0.63,-5.963,"1","5",0.117,0.471,0.262,0.205,0.313,89.643,"1",153294,"Yes"
0.925,0.659,-4.763,"1","3",0.231,0.206,7.88e-05,0.279,0.71,97.018,"4",214227,"No"
0.432,0.612,-8.846,"0","11",0.211,0.00185,0,0.308,0.253,88.716,"4",205333,"No"
0.769,0.637,-6.4,"1","8",0.0572,0.0476,6.15e-05,0.35,0.361,79.016,"4",234945,"Yes"
0.776,0.509,-6.266,"0","0",0.467,0.192,1.49e-06,0.115,0.485,94.634,"4",129371,"Yes"
0.712,0.564,-6.527,"1","8",0.047,0.0266,0,0.0874,0.411,95.95,"4",207747,"No"
0.932,0.547,-7.787,"0","0",0.333,0.0388,0,0.0924,0.695,94.998,"4",176640,"No"
0.746,0.717,-4.841,"0","9",0.179,0.199,0,0.132,0.523,150.964,"4",179133,"No"
0.896,0.78,-3.547,"1","1",0.202,0.0828,0,0.0857,0.85,106.032,"4",163019,"No"
0.877,0.747,-5.873,"1","4",0.365,0.0288,0,0.273,0.679,145.162,"4",205296,"No"
0.91,0.444,-8.126,"0","1",0.344,0.022,0,0.137,0.53,149.953,"4",276333,"No"
0.76,0.794,-4.311,"0","10",0.344,0.263,0.00324,0.0996,0.583,165.99,"4",109595,"No"
0.824,0.854,-5.312,"1","8",0.177,0.016,4.95e-05,0.117,0.896,95.114,"4",210329,"Yes"
0.874,0.443,-9.628,"0","5",0.241,0.147,0,0.124,0.298,118.004,"4",235988,"No"
0.78,0.766,-7.72,"1","0",0.07,0.0181,0.00172,0.342,0.441,96.011,"4",77049,"No"
0.604,0.0458,-19.031,"1","4",0.0762,0.973,0,0.0963,0.617,76.235,"3",187709,"No"
0.872,0.872,-6.328,"1","1",0.139,0.0476,0.00112,0.0543,0.809,116.948,"4",223080,"No"
0.946,0.671,-5.534,"1","0",0.0724,0.204,0,0.178,0.731,100.013,"4",164880,"No"
0.602,0.881,-5.875,"0","1",0.0443,0.00462,0.0266,0.111,0.577,125.012,"4",467587,"No"
0.8,0.658,-6.142,"0","1",0.079,0.25,0,0.111,0.462,140.042,"4",195429,"No"
0.631,0.696,-5.631,"0","0",0.211,0.578,0,0.0784,0.927,173.537,"4",192177,"Yes"
0.515,0.479,-7.458,"1","3",0.0261,0.544,0.00598,0.191,0.284,88.964,"4",209274,"No"
0.407,0.416,-8.915,"0","6",0.174,0.656,0,0.0981,0.246,176.947,"4",175467,"No"
0.736,0.62,-8.481,"0","0",0.11,0.0577,0.692,0.318,0.959,150.026,"4",201990,"Yes"
0.781,0.721,-9.133,"0","5",0.0514,0.0945,0.391,0.104,0.849,123.011,"4",250337,"No"
0.721,0.88,-3.896,"0","9",0.0454,0.191,0,0.0769,0.655,110.021,"4",202907,"No"
0.174,0.742,-5.93,"1","8",0.0485,0.00181,0.281,0.198,0.36,163.378,"4",223747,"No"
0.601,0.602,-5.763,"1","7",0.183,0.00376,3.34e-05,0.318,0.564,94.919,"4",191340,"No"
0.742,0.727,-6.914,"1","1",0.487,0.0136,0,0.259,0.774,178.401,"4",110253,"No"
0.525,0.652,-7.042,"0","5",0.28,0.278,0,0.339,0.602,127.673,"4",337640,"Yes"
0.829,0.792,-3.755,"0","2",0.0668,0.726,5.83e-06,0.122,0.758,118.05,"4",215507,"No"
0.792,0.698,-6.364,"1","1",0.172,0.489,0.0788,0.127,0.751,129.971,"4",173938,"No"
0.95,0.738,-9.504,"0","10",0.323,0.113,0.000209,0.112,0.568,104.998,"4",188735,"Yes"
0.69,0.521,-8.492,"0","10",0.339,0.324,0,0.0534,0.494,100.028,"4",292799,"No"
0.901,0.49,-9.099,"0","5",0.129,0.0155,0,0.109,0.397,135.015,"4",163574,"No"
0.923,0.604,-6.671,"0","11",0.245,0.017,0,0.272,0.826,145.062,"4",139741,"No"
0.801,0.698,-8.998,"0","0",0.33,0.0477,1.46e-06,0.184,0.502,76.5,"4",169020,"No"
0.592,0.403,-8.768,"0","0",0.414,0.62,0,0.54,0.391,105.169,"4",320680,"No"
0.758,0.701,-6.053,"1","9",0.162,0.685,6.22e-06,0.114,0.626,106.74,"4",211150,"No"
0.74,0.415,-8.914,"1","0",0.0707,0.242,0.000156,0.319,0.156,136.029,"4",180161,"No"
0.706,0.679,-5.614,"1","9",0.0324,0.139,6.98e-05,0.465,0.657,140.081,"4",158707,"No"
0.912,0.568,-6.107,"1","2",0.476,0.0656,0.000105,0.0521,0.491,140.968,"4",151520,"No"
0.863,0.501,-8.753,"0","9",0.0433,0.0164,0,0.272,0.357,99.994,"4",246765,"No"
0.471,0.924,-3.906,"1","8",0.0586,0.00301,0,0.313,0.725,154.961,"4",177280,"No"
0.527,0.696,-6.015,"0","1",0.361,0.209,0,0.0516,0.499,100.614,"4",244760,"No"
0.68,0.881,-3.883,"1","11",0.237,0.406,0,0.242,0.386,97.941,"4",279307,"No"
0.736,0.817,-4.9,"1","8",0.0407,0.00987,0.00167,0.117,0.653,119.95,"4",204760,"No"
0.651,0.695,-3.218,"1","6",0.0487,0.23,0,0.144,0.569,123.008,"4",205347,"No"
0.765,0.791,-5.707,"1","8",0.0317,0.262,0.000154,0.0669,0.966,95.026,"4",206227,"No"
0.57,0.821,-4.38,"1","2",0.267,0.178,0,0.289,0.408,210.857,"4",225560,"No"
0.735,0.824,-4.143,"0","10",0.036,0.615,0,0.158,0.726,100.202,"4",211666,"No"
0.746,0.69,-7.956,"1","11",0.164,0.247,0,0.101,0.497,89.977,"4",181733,"No"
0.682,0.927,-2.915,"1","4",0.0479,0.0843,0,0.149,0.744,101.019,"4",195613,"No"
0.558,0.776,-6.868,"1","9",0.179,0.33,0.000445,0.41,0.247,128.064,"4",114660,"Yes"
0.618,0.955,-3.836,"1","4",0.0798,0.00221,3.09e-06,0.486,0.79,150.034,"4",179947,"No"
0.744,0.845,-7.422,"0","4",0.253,0.759,0.232,0.1,0.749,75.221,"4",160000,"Yes"
0.829,0.792,-3.755,"0","2",0.0668,0.726,5.83e-06,0.122,0.758,118.05,"4",215507,"No"
0.847,0.678,-8.635,"1","9",0.109,0.0669,0,0.274,0.811,97.984,"4",200594,"Yes"
0.738,0.983,-4.374,"0","5",0.0855,0.038,5.93e-06,0.183,0.957,92.998,"4",235760,"No"
0.516,0.358,-12.018,"0","8",0.424,0.743,1.3e-06,0.0813,0.397,79.509,"4",124000,"No"
0.649,0.716,-6.232,"1","11",0.0445,0.0879,0.03,0.0824,0.503,124.968,"4",235813,"No"
0.877,0.503,-10.269,"0","7",0.22,0.164,0.0132,0.102,0.529,100.069,"4",144000,"Yes"
0.736,0.81,-6.354,"1","5",0.0906,0.077,0,0.0523,0.387,125.011,"4",154448,"No"
0.474,0.948,-2.592,"1","3",0.122,0.0223,0,0.43,0.611,146.46,"4",195373,"No"
0.754,0.526,-12.96,"1","1",0.0435,0.00261,0.466,0.113,0.716,117.051,"4",167180,"No"
0.764,0.705,-5.279,"0","3",0.0278,0.0371,1.94e-05,0.0943,0.672,101.003,"4",196520,"No"
0.806,0.447,-10.181,"1","7",0.0461,0.27,3.7e-06,0.335,0.914,77.033,"5",127627,"Yes"
0.603,0.276,-19.238,"1","4",0.0871,0.911,0.00237,0.484,0.86,99.561,"4",125933,"No"
0.611,0.936,-3.697,"0","7",0.11,0.0309,0,0.12,0.697,144.901,"4",201427,"No"
0.772,0.637,-6.881,"1","2",0.114,0.00459,0,0.0778,0.54,149.906,"4",167317,"Yes"
0.857,0.575,-8.36,"1","7",0.221,0.239,0,0.293,0.901,116.993,"4",147692,"No"
0.528,0.797,-7.487,"1","4",0.0485,0.000391,0.011,0.14,0.751,143.785,"4",136562,"No"
0.859,0.605,-7.635,"0","7",0.357,0.251,0,0.132,0.722,82.91,"4",245303,"No"
0.9,0.72,-5.486,"0","5",0.232,0.00502,6.26e-06,0.543,0.749,122.994,"4",106364,"No"
0.888,0.522,-8.936,"1","1",0.43,0.00739,0,0.0452,0.623,144.011,"4",123373,"Yes"
0.85,0.58,-4.502,"1","1",0.104,0.000404,0.0821,0.0714,0.12,160.055,"4",145253,"No"
0.893,0.61,-5.691,"0","4",0.0488,0.0227,0.00744,0.102,0.778,136.64,"4",60000,"No"
0.944,0.541,-9.61,"0","6",0.166,0.0879,0.000119,0.033,0.724,134.942,"4",157333,"No"
0.686,0.805,-6.816,"0","11",0.154,0.00478,1.09e-06,0.0887,0.289,130.981,"4",154567,"No"
0.668,0.26,-14.256,"1","7",0.0523,0.453,0,0.0621,0.368,119.416,"4",147000,"No"
0.866,0.399,-10.938,"1","7",0.0745,0.117,0,0.0689,0.713,129.047,"4",223256,"No"
0.907,0.53,-6.112,"1","1",0.127,0.0578,2.23e-06,0.101,0.507,135.998,"4",113000,"No"
0.87,0.464,-8.337,"1","4",0.178,0.205,0,0.0902,0.457,112.974,"4",251989,"No"
0.621,0.601,-5.616,"0","6",0.148,0.0522,0,0.46,0.457,116.735,"5",163636,"Yes"
0.727,0.729,-2.99,"1","0",0.326,0.171,0,0.07,0.512,117.932,"4",284733,"No"
0.715,0.8,-5.144,"0","4",0.057,0.0271,0,0.0648,0.445,129.023,"4",216147,"No"
0.549,0.433,-8.526,"1","7",0.0327,0.906,0.0108,0.0774,0.486,116.068,"3",155080,"No"
0.56,0.674,-6.048,"1","10",0.0446,0.698,0,0.123,0.421,119.942,"4",197933,"No"
0.696,0.734,-5.294,"1","7",0.0298,0.0485,0,0.183,0.711,107.987,"4",225080,"No"
0.638,0.912,-3.3,"1","1",0.474,0.0155,0,0.234,0.725,190.178,"4",152464,"No"
0.738,0.841,-5.352,"1","9",0.0924,0.0452,0.0105,0.03,0.836,163.913,"4",130467,"No"
0.935,0.552,-9.373,"0","10",0.335,0.111,0,0.0952,0.615,99.993,"4",145627,"No"
0.705,0.373,-9.066,"1","7",0.0384,0.723,0.81,0.289,0.551,120.046,"4",208026,"Yes"
0.803,0.499,-5.932,"1","11",0.306,0.0363,3.46e-06,0.129,0.749,161.042,"4",156637,"No"
0.978,0.477,-8.159,"1","8",0.155,0.000143,0,0.133,0.196,110.002,"4",109091,"No"
0.683,0.636,-12.096,"0","7",0.0978,0.302,0.498,0.0972,0.615,160.012,"4",142365,"No"
0.928,0.696,-4.972,"0","4",0.0866,0.331,0.000119,0.121,0.396,94.994,"4",165938,"No"
0.746,0.419,-9.083,"1","5",0.478,0.0828,0.00457,0.561,0.421,145.059,"4",43427,"No"
0.746,0.862,-6.11,"1","8",0.0776,0.21,0.0363,0.225,0.604,122.011,"4",246970,"No"
0.847,0.656,-4.976,"1","2",0.115,0.00451,0.000854,0.143,0.234,114.001,"4",154787,"Yes"
0.895,0.394,-8.8,"1","1",0.407,0.000686,0,0.239,0.491,141.008,"4",206733,"No"
0.843,0.39,-7.899,"1","2",0.0846,0.178,0,0.137,0.495,129.972,"4",160627,"Yes"
0.877,0.558,-4.896,"1","1",0.342,0.066,0,0.0745,0.493,157.027,"4",226533,"No"
0.696,0.301,-12.647,"1","8",0.032,0.984,0.624,0.17,0.848,154.929,"4",50274,"No"
0.949,0.425,-7.393,"1","5",0.224,0.0295,0,0.106,0.621,124.927,"4",135023,"No"
0.707,0.234,-16.523,"1","7",0.0864,0.96,0.861,0.124,0.611,78.036,"3",60004,"No"
0.892,0.588,-4.287,"0","1",0.11,0.00319,0.000162,0.0498,0.753,120.042,"4",172630,"No"
0.812,0.525,-8.798,"1","1",0.124,0.255,0,0.325,0.564,145.016,"4",177133,"Yes"
0.734,0.765,-6.047,"1","5",0.0571,0.243,0,0.101,0.512,156.04,"4",215385,"No"
0.466,0.823,-6.635,"1","2",0.311,0.00237,0.000321,0.332,0.782,175.797,"4",68523,"No"
0.811,0.577,-5.997,"1","1",0.439,0.14,0,0.0817,0.455,171.092,"4",148140,"No"
0.688,0.582,-10.668,"0","6",0.0542,0.23,0.000157,0.0663,0.872,85.486,"4",224661,"No"
0.788,0.49,-6.287,"1","8",0.511,0.313,0,0.0968,0.79,177.865,"4",197528,"No"
0.925,0.337,-13.445,"1","1",0.41,0.0135,0,0.065,0.529,91.478,"4",124613,"No"
0.813,0.601,-7.552,"0","11",0.116,0.189,2e-04,0.426,0.855,118.981,"4",177479,"No"
0.606,0.799,-4.452,"1","9",0.0261,0.0128,0,0.15,0.638,103.014,"4",232907,"Yes"
0.845,0.791,-3.674,"1","3",0.161,0.0186,0.107,0.0957,0.843,117.987,"4",196400,"No"
0.912,0.401,-9.536,"1","1",0.0856,0.03,0.000141,0.08,0.82,135.995,"4",215832,"No"
0.748,0.802,-6.271,"1","5",0.113,0.595,0.000678,0.113,0.874,159.984,"4",156078,"No"
0.965,0.783,-6.898,"0","6",0.098,0.141,0.000231,0.109,0.863,119.94,"4",201640,"No"
0.689,0.405,-12.525,"1","8",0.171,0.733,4.8e-05,0.54,0.423,77.54,"4",102792,"No"
0.62,0.496,-7.509,"1","7",0.133,0.597,1.36e-05,0.322,0.636,126.032,"4",112205,"No"
0.883,0.492,-12.118,"1","7",0.354,0.339,0,0.166,0.59,94.959,"4",146526,"No"
0.715,0.624,-3.046,"0","4",0.114,0.11,0,0.123,0.412,158.087,"4",173325,"No"
0.621,0.446,-4.653,"1","7",0.0384,0.736,0,0.613,0.97,108.727,"4",45424,"No"
0.619,0.858,-2.312,"1","8",0.223,0.029,0,0.164,0.588,104.753,"4",241452,"No"
0.732,0.463,-6.972,"0","11",0.0287,0.374,0,0.194,0.397,95.971,"4",212607,"No"
0.566,0.366,-12.808,"1","7",0.028,0.113,0.181,0.155,0.237,129.959,"4",184154,"No"
0.921,0.635,-4.904,"1","1",0.416,0.0218,0,0.0946,0.549,130.028,"4",192540,"No"
0.883,0.732,-7.133,"0","10",0.343,0.0207,0,0.199,0.808,74.984,"4",141150,"No"
0.762,0.624,-6.299,"1","3",0.0951,0.0942,0,0.115,0.488,149.95,"4",181543,"No"
0.703,0.7,-2.417,"1","2",0.221,0.0055,0,0.115,0.34,169.861,"4",138353,"No"
0.62,0.594,-16.066,"1","9",0.0383,0.887,0.5,0.0917,0.698,165.861,"4",167987,"No"
0.76,0.516,-10.881,"1","0",0.0694,0.000192,0.904,0.109,0.829,148.272,"4",96968,"No"
0.578,0.724,-7.02,"0","6",0.0865,0.192,2.38e-05,0.235,0.465,169.827,"4",217412,"No"
0.758,0.716,-7.703,"0","4",0.253,0.622,0.000402,0.281,0.964,170.14,"4",120054,"Yes"
0.831,0.795,-6.186,"1","1",0.264,0.221,0,0.291,0.744,160.063,"4",96064,"No"
0.745,0.642,-6.257,"0","7",0.287,0.0204,0,0.0658,0.226,179.974,"4",131240,"No"
0.703,0.594,-6.146,"0","5",0.0752,0.342,0,0.123,0.475,153.848,"4",114893,"No"
0.805,0.643,-13.912,"1","10",0.232,0.41,0,0.606,0.927,104.047,"4",196642,"No"
0.899,0.811,-6.294,"1","2",0.258,0.000677,0,0.0672,0.587,105.038,"4",126446,"Yes"
0.626,0.535,-4.441,"1","9",0.0443,0.85,0,0.0561,0.671,108.804,"4",144200,"No"
0.934,0.658,-8.052,"1","0",0.108,0.411,0.000738,0.0809,0.344,110.015,"4",117363,"Yes"
0.659,0.936,-3.519,"1","2",0.0606,0.283,0.0207,0.192,0.884,161.983,"4",155009,"No"
0.507,0.729,-5.399,"0","11",0.0393,0.0182,1.4e-06,0.0658,0.272,105.013,"4",243960,"No"
0.922,0.451,-5.989,"1","2",0.12,0.0142,4.74e-05,0.169,0.457,120.045,"4",73000,"Yes"
0.88,0.73,-7.008,"1","6",0.181,0.0365,6.33e-06,0.232,0.86,159.957,"4",139500,"Yes"
0.911,0.842,-4.845,"1","10",0.0922,0.205,1.48e-05,0.115,0.578,112.016,"4",187046,"No"
0.934,0.439,-9.564,"0","4",0.338,0.00506,0,0.092,0.289,140.022,"4",118776,"No"
0.725,0.321,-10.744,"0","1",0.323,0.578,0,0.0884,0.319,70.142,"4",178640,"No"
0.798,0.675,-5.041,"1","6",0.0442,0.0912,0,0.0894,0.842,101.956,"4",219947,"No"
0.901,0.522,-8.304,"1","2",0.33,0.0114,0,0.259,0.329,104.053,"4",127947,"No"
0.88,0.751,-4.258,"0","7",0.0874,0.177,6.43e-05,0.106,0.884,117.948,"4",157606,"Yes"
0.438,0.489,-11.568,"1","0",0.0465,0.0103,1.22e-05,0.442,0.182,136.077,"3",125480,"No"
0.751,0.501,-12.151,"1","5",0.0551,0.234,0.112,0.0467,0.902,167.057,"4",190627,"No"
0.819,0.664,-5.612,"1","7",0.0828,0.0958,1.75e-06,0.263,0.71,144.988,"4",173473,"No"
0.567,0.687,-9.041,"0","1",0.125,0.36,0.00293,0.474,0.396,128.201,"4",115518,"Yes"
0.664,0.573,-6.519,"1","5",0.0277,0.613,0.000363,0.0857,0.566,76.023,"4",160097,"No"
0.77,0.896,-3.971,"1","0",0.039,0.0539,0,0.243,0.964,126.999,"4",182587,"No"
0.707,0.813,-4.515,"0","11",0.0571,0.0863,0,0.168,0.722,124.921,"4",238627,"No"
0.913,0.518,-2.317,"1","1",0.416,0.092,0,0.071,0.594,129.896,"4",132923,"No"
0.608,0.305,-14.037,"1","4",0.053,0.653,0,0.103,0.222,113.818,"4",206975,"No"
0.69,0.574,-8.109,"1","8",0.231,0.837,9.48e-05,0.121,0.522,62.619,"4",80407,"No"
0.738,0.532,-7.967,"0","11",0.187,0.302,0,0.0855,0.596,143.991,"4",410089,"No"
0.785,0.431,-8.756,"0","10",0.0364,0.123,0,0.0887,0.236,127.085,"4",159382,"Yes"
0.689,0.516,-5.857,"1","8",0.0444,0.513,0,0.163,0.209,124.876,"4",190920,"Yes"
0.732,0.69,-4.992,"0","0",0.134,0.291,0,0.116,0.758,143.072,"4",206307,"No"
0.851,0.806,-4.618,"1","4",0.0788,0.12,1.39e-06,0.122,0.775,119.002,"4",237200,"No"
0.588,0.412,-6.226,"0","11",0.0363,0.72,0,0.153,0.703,74.961,"4",158493,"No"
0.529,0.127,-16.066,"1","11",0.0274,0.611,0.000109,0.237,0.578,63.05,"4",203573,"No"
0.474,0.537,-6.77,"1","2",0.0649,0.0758,0,0.316,0.335,90.103,"4",207775,"No"
0.712,0.868,-3.319,"0","5",0.0656,0.00939,0,0.283,0.652,125.028,"4",191573,"No"
0.72,0.741,-6.529,"0","10",0.0287,0.101,1.41e-05,0.289,0.357,119.896,"4",198053,"No"
0.565,0.618,-11.316,"0","1",0.104,0.0697,6.37e-05,0.509,0.5,106.337,"4",170299,"No"
0.575,0.714,-5.247,"1","6",0.0596,0.395,0,0.115,0.32,144.982,"4",262231,"No"
0.565,0.893,-4.683,"0","4",0.0376,0.0303,0,0.0561,0.352,141.957,"4",228706,"No"
0.708,0.696,-6.363,"1","1",0.172,0.487,0.0718,0.128,0.743,129.96,"4",173897,"No"
0.696,0.399,-8.673,"0","4",0.0369,0.0224,0,0.0747,0.364,98.004,"4",156770,"No"
0.729,0.842,-2.997,"1","1",0.261,0.0597,3.11e-06,0.319,0.574,64.808,"4",133116,"No"
0.818,0.674,-7.856,"1","7",0.0811,0.448,3.59e-06,0.0774,0.926,92.614,"4",148133,"No"
0.804,0.439,-9.605,"1","1",0.365,0.357,0,0.162,0.329,150.039,"4",167500,"No"
0.746,0.717,-4.841,"0","9",0.179,0.199,0,0.132,0.523,150.964,"4",179133,"No"
0.687,0.745,-4.432,"1","6",0.0379,0.178,1.59e-05,0.111,0.435,129.966,"4",232120,"No"
0.68,0.882,-3.883,"1","11",0.236,0.406,0,0.241,0.386,97.943,"4",279307,"No"
0.759,0.613,-7.91,"1","7",0.105,0.816,0,0.0816,0.329,97.012,"4",220333,"No"
0.915,0.556,-8.601,"1","1",0.216,0.0145,0.000179,0.0733,0.67,148.964,"4",170947,"Yes"
0.884,0.543,-8.552,"1","11",0.492,0.0603,0,0.0672,0.783,148.037,"4",155742,"No"
0.859,0.391,-10.252,"0","7",0.701,0.0216,0,0.0968,0.354,157.037,"4",159745,"No"
0.626,0.423,-6.035,"1","1",0.0513,0.128,0,0.18,0.571,95.162,"4",101790,"No"
0.68,0.32,-7.544,"0","10",0.0289,0.954,0,0.0948,0.769,108.07,"4",115227,"No"
0.878,0.414,-11.881,"1","8",0.663,0.0139,4.11e-06,0.0935,0.139,154.831,"4",113502,"No"
0.413,0.521,-4.469,"1","9",0.0466,0.162,0,0.323,0.532,103.391,"4",218808,"No"
0.863,0.512,-6.955,"1","0",0.0363,0.599,0.000137,0.103,0.735,129.045,"4",244885,"No"
0.7,0.354,-14.043,"0","6",0.0345,0.765,0.00158,0.128,0.245,119.965,"4",227027,"No"
0.74,0.761,-4.753,"0","0",0.0851,0.0691,0,0.142,0.453,146.144,"4",164935,"No"
0.794,0.493,-7.257,"1","5",0.0563,0.212,0.0133,0.13,0.626,92.026,"4",201434,"No"
0.849,0.778,-5.443,"1","0",0.217,0.0358,1.43e-06,0.126,0.634,126.842,"4",232422,"No"
0.775,0.904,-4.08,"0","1",0.0437,0.0271,0.000303,0.06,0.84,130.009,"4",219893,"No"
0.776,0.503,-5.732,"0","0",0.237,0.874,0,0.112,0.473,110.134,"4",210285,"No"
0.679,0.715,-6.383,"1","9",0.0407,0.0755,0,0.271,0.571,127.435,"4",214148,"No"
0.651,0.631,-5.717,"0","6",0.0896,0.519,0.000579,0.165,0.35,127.994,"4",154424,"Yes"
0.612,0.807,-2.81,"1","10",0.0336,0.0495,0.0177,0.101,0.398,124.053,"4",240400,"No"
0.864,0.433,-13.471,"0","1",0.352,0.182,0,0.299,0.486,78.08,"4",203533,"No"
0.69,0.807,-4.912,"1","3",0.0326,0.239,0,0.205,0.869,96.991,"4",166573,"No"
0.778,0.547,-7.273,"1","2",0.0489,0.346,0.000302,0.132,0.441,95.002,"4",242733,"No"
0.607,0.941,-3.807,"0","11",0.481,0.037,0.0137,0.321,0.521,75.401,"4",198400,"No"
0.816,0.535,-8.302,"1","9",0.338,0.147,4.53e-06,0.176,0.435,80.012,"4",241267,"No"
0.252,0.469,-7.99,"0","1",0.046,0.796,4.56e-06,0.0774,0.317,171.488,"4",275947,"No"
0.9,0.604,-7.26,"0","9",0.338,0.153,0.000252,0.0914,0.265,119.969,"4",272720,"No"
0.247,0.438,-8.478,"1","5",0.0358,0.0447,0.000867,0.111,0.39,185.711,"3",198213,"No"
0.771,0.649,-10.375,"1","0",0.0434,0.0137,0.00111,0.324,0.653,116.286,"4",197573,"No"
0.918,0.609,-5.64,"0","10",0.0791,0.0928,0,0.139,0.304,128.008,"4",231400,"No"
0.799,0.586,-6.735,"1","11",0.0377,0.162,2.03e-06,0.193,0.549,120.97,"4",227833,"No"
0.636,0.674,-9.623,"1","2",0.0336,0.215,1.97e-05,0.157,0.18,119.955,"4",188056,"No"
0.885,0.581,-8.813,"1","11",0.0378,0.427,0.000204,0.0759,0.728,114.016,"4",313684,"No"
0.513,0.69,-4.986,"1","0",0.0341,0.51,0,0.102,0.777,96.881,"4",145920,"No"
0.429,0.543,-9.139,"1","5",0.0347,0.536,2.54e-05,0.125,0.693,122.619,"4",145107,"No"
0.777,0.635,-6.323,"0","5",0.0392,0.764,2.25e-06,0.155,0.653,138.04,"4",184360,"No"
0.68,0.513,-13.605,"1","8",0.0598,0.22,0,0.138,0.397,106.981,"4",210887,"No"
0.788,0.798,-7.04,"1","1",0.146,0.000122,0.222,0.0194,0.713,127.987,"4",289001,"No"
0.577,0.758,-8.166,"1","3",0.0586,0.122,0,0.121,0.493,99.969,"4",179955,"No"
0.558,0.781,-5.448,"0","1",0.0963,0.00657,0.00144,0.102,0.286,126.025,"4",214307,"No"
0.421,0.873,-4.343,"1","10",0.0564,0.0654,0,0.123,0.629,84.786,"4",202533,"No"
0.336,0.627,-7.463,"1","7",0.0384,0.164,0,0.0708,0.35,150.273,"4",241107,"Yes"
0.754,0.424,-8.463,"1","2",0.0363,0.643,0,0.0652,0.806,119.705,"4",130973,"Yes"
0.464,0.473,-10.086,"1","1",0.129,0.866,0,0.109,0.604,75.801,"4",208687,"No"
0.6,0.528,-16.601,"1","10",0.0385,0.752,0.684,0.0493,0.971,174.095,"4",135027,"No"
0.787,0.673,-4.583,"0","11",0.159,0.264,3.35e-06,0.0904,0.779,110.962,"4",237893,"Yes"
0.941,0.631,-5.998,"0","1",0.114,0.0366,1.8e-06,0.0311,0.63,128.597,"4",263373,"Yes"
0.482,0.273,-13.396,"1","0",0.043,0.792,0.00223,0.109,0.142,118.952,"4",143290,"No"
0.775,0.573,-4.933,"1","11",0.0585,0.495,0,0.126,0.667,101.925,"4",171806,"Yes"
0.421,0.407,-7.445,"1","10",0.0267,0.309,0.000961,0.11,0.161,139.028,"3",285120,"Yes"
0.72,0.925,-4.165,"0","4",0.0511,0.0276,0.000238,0.14,0.781,127.004,"4",195105,"No"
0.736,0.817,-4.9,"1","8",0.0407,0.00987,0.00167,0.117,0.653,119.95,"4",204760,"No"
0.736,0.74,-2.18,"1","0",0.0786,0.515,0,0.0468,0.803,140.141,"4",221933,"No"
0.935,0.805,-4.782,"1","7",0.225,0.0143,1.53e-06,0.298,0.624,105.641,"4",234360,"No"
0.732,0.413,-6.353,"1","9",0.0702,0.287,0,0.0565,0.761,92.066,"4",154456,"No"
0.41,0.858,-5.295,"0","1",0.0485,0.00347,0,0.0897,0.962,161.487,"4",161560,"No"
0.937,0.397,-9.414,"1","8",0.418,0.0915,0,0.0919,0.603,128.561,"4",75717,"No"
0.665,0.373,-10.631,"1","7",0.158,0.852,0.118,0.108,0.07,119.905,"4",164113,"No"
0.732,0.463,-6.972,"0","11",0.0287,0.374,0,0.194,0.397,95.971,"4",212607,"No"
0.822,0.408,-16.616,"1","2",0.206,0.373,0.0685,0.118,0.848,160.074,"4",87000,"No"
0.68,0.465,-8.353,"1","8",0.029,0.743,0.676,0.136,0.847,109.972,"4",126387,"No"
0.778,0.559,-7.109,"0","6",0.0776,0.128,0,0.399,0.678,129.989,"1",185093,"No"
0.898,0.406,-9.905,"0","4",0.102,0.00986,0,0.0509,0.39,102.985,"4",253993,"No"
0.784,0.43,-8.756,"0","10",0.0364,0.123,0,0.0887,0.236,127.087,"4",159382,"Yes"
0.847,0.603,-4.607,"0","0",0.0397,0.107,7.4e-06,0.106,0.735,114.045,"4",227387,"No"
0.89,0.542,-4.826,"0","10",0.314,0.523,0,0.123,0.565,78.458,"4",165293,"No"
0.886,0.225,-11.437,"1","4",0.457,0.676,0,0.0938,0.387,120.1,"4",212000,"No"
0.971,0.465,-5.655,"1","1",0.23,0.0295,0,0.097,0.131,119.994,"4",160518,"No"
0.588,0.742,-6.757,"1","8",0.0528,0.0162,3.98e-06,0.653,0.824,125.819,"4",228173,"No"
0.887,0.737,-6.489,"0","6",0.16,0.243,4.11e-05,0.109,0.685,104.924,"4",184000,"No"
0.938,0.638,-4.713,"1","8",0.189,0.0167,0,0.111,0.313,97.075,"4",158332,"No"
0.9,0.461,-14.453,"1","8",0.515,0.161,1.78e-06,0.089,0.35,96.985,"4",165698,"No"
0.87,0.841,-5.084,"0","11",0.0948,0.0193,7.71e-05,0.333,0.857,92.176,"4",261173,"No"
0.814,0.785,-5.679,"0","1",0.0396,0.0524,0.00111,0.111,0.941,120.009,"4",255040,"No"
0.819,0.791,-5.736,"1","8",0.324,0.372,6.22e-05,0.471,0.902,172.094,"4",89293,"No"
0.932,0.547,-7.787,"0","0",0.333,0.0388,0,0.0924,0.695,94.998,"4",176640,"No"
0.768,0.683,-7.173,"1","7",0.0604,0.388,0,0.286,0.669,99.955,"4",178144,"No"
0.745,0.561,-5.513,"0","9",0.072,0.465,1.12e-06,0.0338,0.902,195.918,"4",167553,"Yes"
0.742,0.468,-5.557,"0","10",0.0625,0.0465,0,0.826,0.369,86.443,"4",242200,"No"
0.907,0.539,-7.782,"1","4",0.36,0.0408,0,0.253,0.664,124.918,"4",150115,"No"
0.891,0.538,-6.724,"1","2",0.394,0.123,0,0.0848,0.643,80.032,"4",107404,"No"
0.868,0.365,-9.51,"1","7",0.0383,0.433,0,0.207,0.471,114.979,"4",197217,"No"
0.771,0.671,-5.617,"1","2",0.0553,0.00929,0,0.0637,0.714,85.026,"4",171360,"No"
0.676,0.724,-5.941,"0","5",0.039,0.0681,9.29e-05,0.139,0.676,132.056,"4",221373,"No"
0.864,0.681,-6.032,"1","8",0.232,0.538,0,0.555,0.734,118.061,"4",254667,"Yes"
0.72,0.607,-4.168,"1","1",0.0322,0.0543,0,0.113,0.828,121.223,"4",201947,"No"
0.771,0.728,-6.809,"1","9",0.0359,0.0174,0.0299,0.0779,0.297,127.019,"4",320637,"No"
0.622,0.542,-6.215,"0","7",0.051,0.387,0,0.114,0.939,174.494,"4",136200,"No"
0.816,0.363,-10.362,"1","5",0.101,0.487,3.41e-06,0.205,0.595,104.274,"4",229415,"No"
0.845,0.518,-7.568,"1","11",0.299,0.0703,0,0.122,0.443,129.951,"4",135993,"No"
0.742,0.883,-3.419,"1","0",0.0329,0.333,7.51e-06,0.0964,0.978,136.506,"4",240280,"Yes"
0.715,0.738,-10.139,"1","7",0.157,0.00826,0,0.26,0.573,97.877,"4",252307,"No"
0.649,0.735,-4.365,"0","10",0.73,0.146,0,0.124,0.845,86.704,"5",134769,"No"
0.749,0.283,-12.368,"0","0",0.328,0.618,3.73e-06,0.0825,0.269,142.046,"4",172888,"No"
